ID,SITE,PLOT,TREATMENT,SEASON,Articulated Corraline,AC RED,Rhodomenia ,Botrocladia pseudo,Encrusting Corraline,Encrusting Red,Gelidium spp. ,FLTRB,Rbranch,MATTED,IRRID,Red Juve,REDTURF,REDLEAF,Prionitis lanceolata,REDWIRE,Desmarestia,Macrocystis,Macrocystis (juv),DEADHOLD,Ecklonia arborea,PTECLAD,Sargassum spp.,Stephanocystis ,Laminaria (juv),Laminaria farlowii,SCUM,DIOPATRA,DICTYOTA,BROCK,SHELL,SAND,SPONGE,TUNICATE,BRYO,BARNAC,WORM,CUPCOR,ANENOME,C_LAM,C_MAC,C_SARG,C_DESMAR,C_PTE
1,SOUTH,1,BRO_PRESS,Fall 2015,0,0.3125,0,0,0,0,0,0,0,0,0,0,0,0.0625,0,0,0,0,0,0,0,0,0,0,0,0,0,0,0,0,0,0,0.0625,0,0,0,0,0,0,1,0,0,0,0
2,SOUTH,1,BRO_PRESS,Fall 2015,0.0625,0.0625,0,0,0.0625,0.0625,0,0,0,0,0,0,0,0,0,0,0,0,0,0,0,0,0,0,0,0,0,0,0,0,0.0625,0.0625,0,0,0,0.0625,0,0,0,0.9375,0.0625,0,0,0
3,SOUTH,1,BRO_PRESS,Fall 2015,0.125,0.1875,0,0,0,0,0,0,0,0,0,0,0,0,0,0,0,0.0625,0,0,0,0,0,0,0,0,0,0,0,0.0625,0,0,0,0,0,0,0,0,0,0.875,0.0625,0.0625,0,0
4,SOUTH,2,MACPRESS,Fall 2015,0,0.125,0,0,0.0625,0,0,0,0,0,0,0,0,0,0,0.0625,0,0.0625,0,0,0,0,0,0,0,0,0,0,0,0.125,0,0,0,0,0,0,0,0,0,1,0,0,0,0
5,SOUTH,2,MACPRESS,Fall 2015,0.0625,0.0625,0,0,0.0625,0.125,0,0,0,0,0,0,0,0,0,0.0625,0,0,0,0,0,0,0,0,0,0,0,0,0,0,0,0,0.0625,0,0,0,0,0,0,1,0,0,0,0
6,SOUTH,2,MACPRESS,Fall 2015,0.0625,0.1875,0,0,0,0,0,0,0,0,0,0,0.0625,0,0,0,0,0,0,0,0,0,0,0,0,0,0,0,0,0.0625,0,0,0.0625,0,0,0,0,0,0,1,0,0,0,0
7,SOUTH,3,CONTROL,Fall 2015,0,0.3125,0,0,0,0,0,0,0,0,0,0,0,0,0,0,0,0,0,0,0,0,0,0,0,0,0.125,0,0,0,0,0,0,0,0,0,0,0,0,0.5,0,0,0,0
8,SOUTH,3,CONTROL,Fall 2015,0,0.0625,0,0,0,0,0,0,0,0,0,0,0,0,0,0,0,0,0,0,0,0,0,0,0,0,0,0,0,0,0.125,0,0.1875,0.0625,0,0,0,0,0,0.3125,0,0,0,0
9,SOUTH,3,CONTROL,Fall 2015,0,0,0,0,0,0,0,0,0,0,0,0,0,0,0,0,0,0,0,0,0,0,0,0,0,0,0,0,0,0,0.25,0,0,0.1875,0,0,0,0,0,0.125,0,0,0,0
10,SOUTH,4,PULSE_NOV,Fall 2015,0,0.125,0,0,0,0,0,0,0,0,0,0,0,0,0,0,0,0,0,0,0,0,0.0625,0,0,0.125,0,0,0,0,0,0.125,0,0,0,0,0,0,0,1,0,0,0,0
11,SOUTH,4,PULSE_NOV,Fall 2015,0.1875,0.0625,0,0,0,0,0,0,0,0,0,0,0,0,0,0.0625,0,0,0,0,0,0,0,0,0,0,0,0,0,0,0,0,0,0.125,0,0,0,0,0,0.125,0,0,0,0
12,SOUTH,4,PULSE_NOV,Fall 2015,0.0625,0.0625,0,0,0,0,0,0,0,0,0,0,0,0,0,0,0,0,0,0,0,0,0,0,0,0,0,0,0,0.0625,0.0625,0,0.0625,0.0625,0,0.0625,0,0,0,1,0,0,0,0
13,CENTRAL,1,PULSE_NOV,Fall 2015,0.0625,0.0625,0,0,0.1875,0.0625,0,0,0,0,0,0,0,0,0,0,0,0,0,0,0,0,0,0,0,0,0,0,0,0.0625,0,0,0,0,0,0,0,0,0.0625,0.75,0,0,0,0
14,CENTRAL,1,PULSE_NOV,Fall 2015,0,0,0,0,0.25,0.0625,0,0,0,0,0,0,0,0,0,0,0,0.0625,0,0,0,0,0,0,0,0,0,0,0,0,0,0,0.0625,0,0,0,0,0,0,0.875,0,0,0,0
15,CENTRAL,1,PULSE_NOV,Fall 2015,0,0.0625,0,0,0.25,0.0625,0,0,0,0,0,0,0,0,0,0,0,0,0,0,0,0,0,0,0,0,0,0,0,0,0.0625,0,0,0,0,0,0,0.0625,0,0.75,0,0,0,0
16,CENTRAL,2,MACPRESS,Fall 2015,0.0625,0.1875,0,0,0.0625,0,0,0,0,0,0,0,0,0.0625,0,0,0,0,0,0,0,0,0,0,0,0,0,0,0,0,0.0625,0,0,0,0,0,0,0,0,0.625,0,0,0,0
17,CENTRAL,2,MACPRESS,Fall 2015,0.0625,0,0,0,0.3125,0,0,0,0,0,0,0,0,0,0,0,0,0,0,0,0,0,0,0,0,0,0,0,0,0.0625,0,0,0,0,0,0,0,0,0,1,0,0,0,0
18,CENTRAL,2,MACPRESS,Fall 2015,0,0.3125,0,0,0.0625,0,0,0,0,0,0,0,0,0,0,0,0,0,0,0,0,0,0,0,0,0,0,0,0,0,0.0625,0,0,0,0,0,0,0,0,1,0,0,0,0
19,CENTRAL,3,BRO_PRESS,Fall 2015,0,0,0,0,0.125,0,0,0,0,0,0,0,0,0,0,0,0,0,0,0,0,0,0,0,0,0,0.125,0,0,0.1875,0,0,0,0,0,0,0,0,0,0.9375,0,0,0,0
20,CENTRAL,3,BRO_PRESS,Fall 2015,0,0.125,0,0,0.125,0,0,0,0,0,0,0,0,0,0,0,0,0,0,0,0,0,0,0,0,0,0,0,0,0,0.125,0,0.0625,0,0,0,0,0,0,1,0,0,0,0
21,CENTRAL,3,BRO_PRESS,Fall 2015,0,0.25,0,0,0.0625,0,0,0,0,0,0,0,0,0,0,0,0,0,0,0,0,0,0,0,0,0,0,0,0,0,0,0,0.0625,0,0,0.0625,0,0,0,1,0,0,0,0
22,CENTRAL,4,CONTROL,Fall 2015,0,0.125,0,0,0.125,0.125,0,0,0,0,0,0,0,0,0,0,0,0,0,0,0,0,0,0,0,0,0,0,0,0,0,0.0625,0,0,0,0,0,0,0,1,0,0,0,0
23,CENTRAL,4,CONTROL,Fall 2015,0,0,0,0,0.0625,0.1875,0,0,0,0,0,0.125,0.0625,0,0,0,0,0,0,0,0,0,0,0,0,0,0,0,0,0,0,0,0,0,0,0,0,0,0,1,0,0,0,0
24,CENTRAL,4,CONTROL,Fall 2015,0.1875,0.125,0,0,0.0625,0.0625,0,0,0,0,0,0,0,0,0,0,0,0,0,0,0,0,0,0,0,0,0,0,0,0,0,0,0,0,0,0,0,0,0,1,0,0,0,0
25,NORTH,1,MACPRESS,Fall 2015,0.0625,0,0.0625,0.0625,0,0,0,0,0,0,0.0625,0,0,0,0,0,0.0625,0,0,0,0,0,0,0,0,0.0625,0,0,0,0,0,0.0625,0,0,0,0,0,0,0,0,0,0,0,0
26,NORTH,1,MACPRESS,Fall 2015,0.125,0.0625,0,0,0,0,0,0,0,0,0,0,0,0,0,0,0.25,0,0,0,0,0,0,0,0,0,0,0,0,0,0,0,0,0,0,0,0,0,0,0,0,0,0,0
27,NORTH,1,MACPRESS,Fall 2015,0,0,0,0,0,0,0,0,0,0,0.0625,0,0.0625,0,0,0,0.125,0.125,0,0,0,0,0,0,0,0,0,0,0.0625,0,0,0,0,0,0,0,0,0,0,0,0,0,0,0
28,NORTH,2,BRO_PRESS,Fall 2015,0,0.0625,0,0,0.0625,0.0625,0.0625,0,0,0,0.0625,0.0625,0,0.0625,0,0,0,0,0,0,0,0,0,0,0,0,0,0,0,0,0,0,0,0,0,0,0,0,0,0,0.5,0,0,0
29,NORTH,2,BRO_PRESS,Fall 2015,0,0.0625,0,0,0,0,0,0,0,0,0.125,0,0,0,0,0,0,0,0,0,0,0,0.0625,0,0,0,0,0,0,0,0.0625,0.125,0,0,0,0,0,0,0,0,1,0,0,0
30,NORTH,2,BRO_PRESS,Fall 2015,0,0.1875,0,0,0,0,0.0625,0,0,0,0,0.0625,0.0625,0,0,0,0,0,0,0,0,0,0,0,0,0,0,0,0,0,0,0.0625,0,0,0,0,0,0,0,0,0,0,0,0
31,NORTH,3,PULSE_NOV,Fall 2015,0,0.125,0,0,0,0,0,0,0,0,0,0,0,0.0625,0,0,0,0.125,0.0625,0,0,0,0.0625,0,0,0,0,0,0,0,0,0,0,0,0,0,0,0,0,0,0.5,0,0.5,0
32,NORTH,3,PULSE_NOV,Fall 2015,0,0,0,0,0,0,0,0,0,0,0,0,0,0,0,0,0.125,0.0625,0.125,0,0,0,0,0,0.0625,0,0,0,0,0,0,0.0625,0,0,0,0,0,0,0,0,0,0,1,0
33,NORTH,3,PULSE_NOV,Fall 2015,0,0.0625,0,0,0,0,0,0,0,0,0,0,0.125,0,0,0,0,0,0.0625,0.0625,0,0,0,0,0.0625,0,0.0625,0,0,0,0,0,0,0,0,0,0,0,0,0,0,0,0,0
34,NORTH,4,CONTROL,Fall 2015,0.0625,0.0625,0,0,0.25,0,0,0,0,0,0,0,0,0,0,0,0,0,0,0,0,0,0,0,0,0,0,0,0,0,0,0,0,0.0625,0,0,0,0,0,0,0,0,0,0
35,NORTH,4,CONTROL,Fall 2015,0,0,0,0,0,0.0625,0,0,0,0,0,0.0625,0.0625,0,0,0.0625,0,0,0,0,0,0,0,0,0.125,0.0625,0,0,0,0,0,0,0,0,0,0,0,0,0,0,0,0,0,0
36,NORTH,4,CONTROL,Fall 2015,0,0.0625,0,0,0.0625,0.0625,0,0,0,0,0,0,0.0625,0,0,0,0,0.0625,0,0,0,0,0.0625,0,0,0,0,0,0,0,0,0,0,0.0625,0,0,0,0,0,0,0,0,0,0
37,SOUTH,1,BRO_PRESS,Spring 2016,0,0.75,0,0,0,0,0,0,0,0,0,0,0.0625,0,0,0.1875,0,0,0,0,0,0,0,0,0,0,0,0,0,0,0,0,0,0,0,0,0,0,0,0,0,0,0,0
38,SOUTH,1,BRO_PRESS,Spring 2016,0,0.625,0,0,0,0,0,0,0,0,0,0,0,0.125,0,0,0,0,0,0,0,0,0,0,0,0,0,0,0,0,0,0.25,0,0,0,0,0,0,0,0,0,0,0,0
39,SOUTH,1,BRO_PRESS,Spring 2016,0,0,0,0,0,0,0,0,0,0,0,0,0,0.4375,0,0.0625,0,0,0,0,0,0,0,0,0,0,0,0,0.1875,0,0,0.3125,0,0,0,0,0,0,0,0,0,1,0,0
40,SOUTH,1,BRO_PRESS,Spring 2016,0,0.625,0.0625,0,0,0,0,0,0,0,0,0,0,0,0,0.0625,0,0,0,0,0,0,0,0,0,0,0,0,0.25,0,0,0,0,0,0,0,0,0,0,0,0,0,0,0
41,SOUTH,1,BRO_PRESS,Spring 2016,0,0.5625,0,0,0,0,0,0,0,0,0,0,0,0,0,0,0,0,0,0,0,0,0,0.125,0,0,0,0,0.0625,0,0,0.25,0,0,0,0,0,0,0,0,0,0,0,0
42,SOUTH,1,BRO_PRESS,Spring 2016,0.1875,0,0,0,0,0,0,0,0,0,0,0,0,0,0,0,0,0,0,0,0,0,0,0,0,0,0,0,0.5,0,0,0.3125,0,0,0,0,0,0,0,0,0,0.125,0,0
43,SOUTH,1,BRO_PRESS,Spring 2016,0,0,0,0,0,0,0,0,0,0,0,0,0,0,0,0,0,0,0,0,0,0,0,0,0.25,0,0,0,0,0,0,0.75,0,0,0,0,0,0,0,0,0,0,0,0
44,SOUTH,1,BRO_PRESS,Spring 2016,0,0.8125,0,0,0,0,0,0,0,0,0,0,0,0,0,0,0,0,0,0,0,0,0,0,0,0,0,0,0,0,0,0.1875,0,0,0,0,0,0,0,0,0,0,0,0
45,SOUTH,1,BRO_PRESS,Spring 2016,0,0.375,0,0,0,0,0,0,0,0,0,0,0.375,0,0,0,0,0,0,0,0,0,0,0,0,0,0,0,0.0625,0,0,0,0,0,0,0,0.1875,0,0,0,0,0,0,0
46,SOUTH,2,MACPRESS,Spring 2016,0.125,0.3125,0.3125,0,0.0625,0,0,0,0,0,0,0,0,0,0,0,0,0,0,0,0,0,0,0.0625,0,0,0.125,0,0,0,0,0,0,0,0,0,0,0,0,0.9375,0,0,0,0
47,SOUTH,2,MACPRESS,Spring 2016,0,0.125,0,0,0,0,0,0,0,0,0.125,0,0,0,0,0,0,0,0,0,0,0,0,0.0625,0,0,0,0,0.1875,0,0,0.5,0,0,0,0,0,0,0,0.5,0,0.5,0,0
48,SOUTH,2,MACPRESS,Spring 2016,0,0.4375,0,0,0,0,0,0,0,0,0,0,0,0,0,0,0,0,0,0,0,0,0.125,0.1875,0,0,0.1875,0,0,0,0,0.0625,0,0,0,0,0,0,0,0.375,0,0.1875,0,0
49,SOUTH,2,MACPRESS,Spring 2016,0.625,0,0,0,0,0,0,0,0,0,0,0,0,0.0625,0,0,0,0,0,0,0,0,0,0,0,0.0625,0.1875,0,0.0625,0,0,0,0,0,0,0,0,0,0,0.25,0,0,0,0
50,SOUTH,2,MACPRESS,Spring 2016,0.125,0.1875,0,0,0,0,0,0,0,0,0,0,0,0,0,0,0,0,0,0,0,0,0.1875,0,0,0.125,0.25,0,0.125,0,0,0,0,0,0,0,0,0,0,0.5,0,0,0,0
51,SOUTH,2,MACPRESS,Spring 2016,0.1875,0.1875,0,0,0.1875,0.1875,0,0,0,0,0,0,0,0,0,0,0,0,0,0,0,0,0,0,0,0,0,0,0,0,0,0.25,0,0,0,0,0,0,0,0.75,0,0.25,0,0
52,SOUTH,2,MACPRESS,Spring 2016,0.1875,0.1875,0,0,0.1875,0.1875,0,0,0,0,0,0,0,0,0,0,0,0,0,0,0,0,0,0,0,0,0,0,0,0.0625,0,0.125,0,0,0,0,0.0625,0,0,0.5625,0,0.125,0,0
53,SOUTH,2,MACPRESS,Spring 2016,0.0625,0,0.1875,0,0.125,0.1875,0,0,0,0,0.0625,0,0.125,0,0,0.0625,0,0,0,0,0,0,0,0,0,0,0,0,0,0,0,0.125,0,0,0,0,0.0625,0,0,0.25,0,0,0,0
54,SOUTH,2,MACPRESS,Spring 2016,0.125,0.375,0,0,0,0,0,0,0,0,0,0,0,0,0,0,0,0,0,0,0,0,0,0,0,0,0.1875,0,0.1875,0,0,0.125,0,0,0,0,0,0,0,0,0,0.0625,0,0
55,SOUTH,3,CONTROL,Spring 2016,0,0.125,0,0.125,0,0,0,0,0,0,0,0,0,0,0,0,0,0,0,0,0,0,0.125,0,0,0,0.625,0,0,0,0,0,0,0,0,0,0,0,0,0,0,0,0,0
56,SOUTH,3,CONTROL,Spring 2016,0.0625,0,0,0,0.0625,0,0,0,0,0,0,0,0.125,0.1875,0,0,0,0.125,0,0,0,0,0.1875,0,0,0,0.125,0,0,0,0,0.125,0,0,0,0,0,0,0,0.375,0,0,0,0
57,SOUTH,3,CONTROL,Spring 2016,0,0.5625,0.125,0,0,0,0,0,0,0,0,0,0,0,0,0,0,0.0625,0,0,0,0,0,0.125,0,0,0.125,0,0,0,0,0,0,0,0,0,0,0,0,0,0.1875,0,0,0
58,SOUTH,3,CONTROL,Spring 2016,0,0.4375,0.1875,0,0,0,0,0,0,0,0,0,0,0,0,0,0,0.1875,0,0,0,0,0,0,0,0,0,0,0.1875,0,0,0,0,0,0,0,0,0,0,0.0625,0.0625,0,0,0
59,SOUTH,3,CONTROL,Spring 2016,0,0.0625,0.1875,0,0,0,0,0,0,0,0,0,0,0.125,0,0,0,0,0,0,0,0,0,0,0,0,0,0,0,0.625,0,0,0,0,0,0,0,0,0,0,0,0,0,0
60,SOUTH,3,CONTROL,Spring 2016,0,0,0,0,0.0625,0,0,0,0,0,0.0625,0,0,0,0,0.375,0,0,0,0,0,0,0,0.125,0,0,0.0625,0,0.0625,0,0,0.0625,0,0,0,0,0.1875,0,0,0.25,0.125,0,0,0
61,SOUTH,3,CONTROL,Spring 2016,0.3125,0.1875,0,0,0.0625,0,0,0,0,0,0,0,0,0.25,0,0,0,0,0,0,0,0,0.1875,0,0,0,0,0,0,0,0,0,0,0,0,0,0,0,0,0.0625,0,0,0,0
62,SOUTH,3,CONTROL,Spring 2016,0.125,0.125,0.1875,0.0625,0.0625,0.0625,0,0,0,0,0,0,0,0,0,0,0.0625,0.0625,0,0,0,0.0625,0,0,0,0.1875,0,0,0,0,0,0,0,0,0,0,0,0,0,0,0,0,0,0.25
63,SOUTH,3,CONTROL,Spring 2016,0,0.25,0.1875,0,0,0,0,0,0,0,0,0,0,0,0,0,0,0,0,0,0,0.1875,0,0,0,0.0625,0,0,0,0.3125,0,0,0,0,0,0,0,0,0,0.1875,0,0,0,0
64,SOUTH,4,PULSE_NOV,Spring 2016,0.1875,0.25,0.3125,0,0.0625,0,0,0,0,0,0,0,0,0,0,0,0,0,0,0,0,0,0,0,0,0,0,0,0,0.1875,0,0,0,0,0,0,0,0,0,0.25,0,0,0,0
65,SOUTH,4,PULSE_NOV,Spring 2016,0,0.875,0,0,0,0,0,0,0,0,0,0,0,0,0,0,0,0,0,0,0,0,0,0.0625,0,0,0,0,0,0.0625,0,0,0,0,0,0,0,0,0,0.125,0,0,0,0
66,SOUTH,4,PULSE_NOV,Spring 2016,0.0625,0.1875,0.0625,0,0,0.0625,0,0,0,0,0,0,0,0,0,0,0,0.0625,0,0,0,0.0625,0.1875,0,0,0,0.3125,0,0,0,0,0,0,0,0,0,0,0,0,0.8125,0,0,0,0
67,SOUTH,4,PULSE_NOV,Spring 2016,0.125,0.8125,0,0,0,0,0,0,0,0,0,0,0,0,0,0,0,0,0,0,0,0,0,0,0,0,0,0,0.0625,0,0,0,0,0,0,0,0,0,0,0.1875,0,0,0,0
68,SOUTH,4,PULSE_NOV,Spring 2016,0,0.5,0.1875,0,0,0.0625,0,0,0,0,0,0,0,0,0,0,0,0,0,0,0,0.0625,0,0,0,0,0,0,0,0.1875,0,0,0,0,0,0,0,0,0,0.125,0,0,0,0
69,SOUTH,4,PULSE_NOV,Spring 2016,0,0,0,0,0,0,0.1875,0,0,0,0,0.25,0,0,0,0,0,0,0,0,0,0,0,0,0,0,0,0,0.1875,0.1875,0,0.1875,0,0,0,0,0,0,0,0.1875,0,0,0,0
70,SOUTH,4,PULSE_NOV,Spring 2016,0.1875,0.375,0,0,0,0,0,0,0,0,0,0,0,0.1875,0,0,0,0,0,0,0,0,0,0.125,0,0,0,0,0,0.125,0,0,0,0,0,0,0,0,0,0,0,0,0,0
71,SOUTH,4,PULSE_NOV,Spring 2016,0.125,0.75,0,0,0,0,0,0,0,0,0,0,0,0,0,0,0,0,0,0,0,0,0,0,0,0,0,0,0,0.125,0,0,0,0,0,0,0,0,0,0.4375,0,0,0,0
72,SOUTH,4,PULSE_NOV,Spring 2016,0,0.6875,0.0625,0,0,0,0,0,0,0,0,0,0,0.1875,0,0,0,0,0,0,0,0,0,0,0,0,0,0,0,0,0,0.0625,0,0,0,0,0,0,0,0,0,0,0,0.0625
73,CENTRAL,1,PULSE_NOV,Spring 2016,0,0,0,0,0.25,0,0,0,0,0,0,0,0,0,0,0,0,0,0,0,0,0,0,0.0625,0,0,0.625,0,0.0625,0,0,0,0,0,0,0,0,0,0,0,0,0,1,0
74,CENTRAL,1,PULSE_NOV,Spring 2016,0.1875,0.25,0,0,0,0,0,0,0,0,0,0,0,0,0,0,0.125,0,0,0,0,0,0,0,0,0,0.3125,0,0.125,0,0,0,0,0,0,0,0,0,0,0,0,0,1,0
75,CENTRAL,1,PULSE_NOV,Spring 2016,0.125,0.375,0,0,0.1875,0,0,0,0,0,0,0,0,0,0,0,0,0,0,0,0,0,0,0,0,0,0.3125,0,0,0,0,0,0,0,0,0,0,0,0,0,0,0,1,0
76,CENTRAL,1,PULSE_NOV,Spring 2016,0.1875,0.25,0,0,0,0,0,0,0,0,0,0,0,0,0,0,0,0,0,0,0,0,0,0,0,0,0.3125,0,0.25,0,0,0,0,0,0,0,0,0,0,0,0,0,0.625,0
77,CENTRAL,1,PULSE_NOV,Spring 2016,0,0,0,0,0.4375,0,0,0,0,0,0,0,0,0,0,0,0.3125,0,0,0,0,0,0,0,0,0,0.0625,0,0.1875,0,0,0,0,0,0,0,0,0,0,0,0,0,1,0
78,CENTRAL,1,PULSE_NOV,Spring 2016,0,0,0,0,0.375,0,0,0,0,0,0,0,0,0,0,0,0.3125,0,0,0,0,0,0,0,0,0,0.125,0,0,0.1875,0,0,0,0,0,0,0,0,0,0,0,0,1,0
79,CENTRAL,1,PULSE_NOV,Spring 2016,0,0,0,0,0.375,0.0625,0,0,0,0,0,0,0,0,0,0,0.3125,0,0,0,0,0,0,0,0,0,0.1875,0,0,0,0,0,0,0,0,0,0,0,0,0,0,0,1,0
80,CENTRAL,1,PULSE_NOV,Spring 2016,0,0,0,0,0.375,0,0,0,0,0,0.25,0,0,0,0,0,0.125,0,0,0,0,0,0,0,0,0,0.0625,0,0,0.1875,0,0,0,0,0,0,0,0,0,0,0,0,0.6875,0
81,CENTRAL,1,PULSE_NOV,Spring 2016,0.125,0,0,0.125,0.3125,0,0,0,0,0,0,0,0,0,0,0,0,0,0,0,0,0.0625,0,0.0625,0,0.0625,0,0,0.0625,0.0625,0,0.125,0,0,0,0,0,0,0,0,0,0,1,0
82,CENTRAL,2,MACPRESS,Spring 2016,0,0.1875,0,0.0625,0,0,0,0,0,0,0,0,0,0,0,0,0,0,0,0,0,0,0,0,0,0.0625,0.3125,0,0.375,0,0,0,0,0,0,0,0,0,0,0.6875,0,0,0.3125,0
83,CENTRAL,2,MACPRESS,Spring 2016,0.125,0.0625,0,0,0,0.1875,0,0,0,0,0,0,0,0,0,0,0.125,0,0,0,0,0,0,0,0,0,0,0,0.5,0,0,0,0,0,0,0,0,0,0,1,0,0,0,0
84,CENTRAL,2,MACPRESS,Spring 2016,0.0625,0.1875,0,0.0625,0,0.0625,0,0,0,0,0,0,0,0,0,0,0.125,0,0,0.125,0,0,0,0,0,0,0.125,0,0,0.25,0,0,0,0,0,0,0,0,0,0.6875,0,0,0.3125,0
85,CENTRAL,2,MACPRESS,Spring 2016,0,0,0,0,0.0625,0.0625,0,0,0,0,0,0,0,0,0,0,0,0,0,0,0,0,0,0,0,0.1875,0.1875,0,0.5,0,0,0,0,0,0,0,0,0,0,1,0,0,0,0
86,CENTRAL,2,MACPRESS,Spring 2016,0.0625,0,0,0.1875,0,0,0,0,0,0,0.125,0,0,0,0,0,0,0,0,0.0625,0,0,0,0,0.0625,0,0.0625,0,0.25,0,0,0.0625,0,0.125,0,0,0,0,0,0.625,0,0,0.1875,0.125
87,CENTRAL,2,MACPRESS,Spring 2016,0.25,0,0,0,0.1875,0,0,0,0,0,0,0,0,0,0,0,0,0.125,0,0,0,0,0,0.0625,0.0625,0,0.3125,0,0,0,0,0,0,0,0,0,0,0,0,0,0,0,1,0
88,CENTRAL,2,MACPRESS,Spring 2016,0,0,0,0.0625,0,0.125,0,0,0,0,0,0.0625,0.0625,0.0625,0,0,0.1875,0,0,0,0,0.0625,0,0,0,0,0,0,0.375,0,0,0,0,0,0,0,0,0,0,0,0,0,1,0
89,CENTRAL,2,MACPRESS,Spring 2016,0,0,0.1875,0.125,0,0,0,0,0,0,0.1875,0,0.0625,0.0625,0,0.0625,0,0,0,0,0,0.0625,0,0,0,0.0625,0,0,0,0.0625,0,0.125,0,0,0,0,0,0,0,0.125,0,0,0,0.125
90,CENTRAL,2,MACPRESS,Spring 2016,0,0.0625,0,0.0625,0,0,0.0625,0,0,0,0,0,0.25,0,0,0,0.4375,0,0,0,0,0,0,0,0,0,0.125,0,0,0,0,0,0,0,0,0,0,0,0,0.0625,0,0,0.25,0
91,CENTRAL,3,BRO_PRESS,Spring 2016,0.25,0.1875,0,0.1875,0.1875,0,0,0,0,0,0.0625,0,0,0,0,0,0,0,0,0,0,0,0,0.125,0,0,0,0,0,0,0,0,0,0,0,0,0,0,0,1,0,0,0,0
92,CENTRAL,3,BRO_PRESS,Spring 2016,0,0.5,0.1875,0,0,0,0,0,0,0,0.25,0,0,0,0,0,0,0,0,0,0,0,0,0,0,0,0.0625,0,0,0,0,0,0,0,0,0,0,0,0,0.5625,0,0,0.375,0
93,CENTRAL,3,BRO_PRESS,Spring 2016,0.375,0,0,0,0.125,0,0,0,0,0,0.125,0,0,0,0,0,0,0,0,0,0,0,0,0,0,0,0.1875,0,0,0,0,0.1875,0,0,0,0,0,0,0,1,0,0,0,0
94,CENTRAL,3,BRO_PRESS,Spring 2016,0.25,0,0,0,0.1875,0.125,0,0,0,0,0,0,0,0,0,0,0.25,0,0,0,0,0,0,0,0,0.1875,0,0,0,0,0,0,0,0,0,0,0,0,0,0.875,0,0,0.125,0
95,CENTRAL,3,BRO_PRESS,Spring 2016,0.25,0,0,0,0.25,0.1875,0,0,0,0,0,0,0,0,0,0,0.0625,0,0,0.0625,0,0,0,0.0625,0,0,0,0,0.125,0,0,0,0,0,0,0,0,0,0,1,0,0,0,0
96,CENTRAL,3,BRO_PRESS,Spring 2016,0,0.0625,0,0,0.0625,0.0625,0,0,0,0,0.0625,0,0,0,0,0,0.25,0,0,0.4375,0,0.0625,0,0,0,0,0,0,0,0,0,0,0,0,0,0,0,0,0,0.8125,0,0,0.1875,0
97,CENTRAL,3,BRO_PRESS,Spring 2016,0.125,0,0,0,0.25,0,0,0,0,0,0,0,0,0,0,0,0,0,0,0,0,0,0,0,0,0.0625,0.25,0,0,0.0625,0,0.1875,0,0.0625,0,0,0,0,0,1,0,0,0,0
98,CENTRAL,3,BRO_PRESS,Spring 2016,0.4375,0.25,0,0,0,0.1875,0,0,0,0,0.0625,0,0,0,0,0,0.0625,0,0,0,0,0,0,0,0,0,0,0,0,0,0,0,0,0,0,0,0,0,0,0.8125,0,0,0.1875,0
99,CENTRAL,3,BRO_PRESS,Spring 2016,0.25,0.1875,0,0,0,0,0,0,0,0,0,0,0,0,0,0,0.25,0,0,0,0,0,0,0.125,0.1875,0,0,0,0,0,0,0,0,0,0,0,0,0,0,1,0,0,0,0
100,CENTRAL,4,CONTROL,Spring 2016,0.625,0,0,0,0.1875,0.0625,0,0,0,0,0.0625,0,0,0,0,0,0,0,0,0,0,0,0,0,0,0,0.0625,0,0,0,0,0,0,0,0,0,0,0,0,1,0,0,0,0
101,CENTRAL,4,CONTROL,Spring 2016,0,0,0.0625,0,0.0625,0,0.25,0,0,0,0,0,0,0,0,0,0.1875,0,0,0,0,0,0,0,0,0,0.3125,0,0,0,0,0,0,0.125,0,0,0,0,0,0,0,0,0,0
102,CENTRAL,4,CONTROL,Spring 2016,0.0625,0.0625,0,0,0,0,0.0625,0,0,0,0,0.0625,0,0.0625,0,0,0,0.125,0,0,0,0,0.0625,0.0625,0,0.0625,0.375,0,0,0,0,0,0,0,0,0,0,0,0,0.5,0.375,0,0,0.0625
103,CENTRAL,4,CONTROL,Spring 2016,0,0,0,0,0.125,0,0.125,0,0,0,0,0,0,0,0,0,0.25,0,0,0,0,0,0,0,0,0,0.125,0,0.1875,0.1875,0,0,0,0,0,0,0,0,0,1,0,0,0,0
104,CENTRAL,4,CONTROL,Spring 2016,0,0.25,0,0,0.1875,0,0,0,0,0,0.1875,0,0.125,0,0,0,0,0,0,0.0625,0,0,0,0.0625,0,0.0625,0,0,0.0625,0,0,0,0,0,0,0,0,0,0,1,0,0,0,0
105,CENTRAL,4,CONTROL,Spring 2016,0.1875,0.1875,0,0,0.1875,0,0,0,0,0,0,0,0,0,0,0,0,0,0,0,0,0,0,0.125,0,0.0625,0.0625,0,0.0625,0,0,0.0625,0,0.0625,0,0,0,0,0,1,0,0,0,0
106,CENTRAL,4,CONTROL,Spring 2016,0.0625,0.125,0.0625,0,0,0.0625,0.0625,0,0,0,0,0,0,0,0,0,0,0.1875,0,0,0,0.0625,0,0,0,0,0.25,0,0.0625,0,0,0.0625,0,0,0,0,0,0,0,1,0,0,0,0
107,CENTRAL,4,CONTROL,Spring 2016,0.25,0,0,0,0.375,0,0,0,0,0,0,0,0,0,0,0,0,0,0,0,0,0,0,0,0,0.25,0,0,0,0.0625,0,0.0625,0,0,0,0,0,0,0,1,0,0,0,0
108,CENTRAL,4,CONTROL,Spring 2016,0,0,0,0,0,0,0,0,0,0,0,0,0,0,0,0.25,0,0,0,0,0,0,0,0,0.375,0,0,0,0,0.1875,0,0.1875,0,0,0,0,0,0,0,1,0,0,0,0
109,NORTH,1,MACPRESS,Spring 2016,0.1875,0,0,0,0.25,0.0625,0,0,0,0,0,0,0,0,0,0,0.3125,0,0,0,0,0,0,0,0,0,0,0,0,0.0625,0,0.125,0,0,0,0,0,0,0,1,0,0,0,0
110,NORTH,1,MACPRESS,Spring 2016,0.125,0,0,0,0.0625,0.125,0.0625,0,0,0,0,0,0.0625,0.0625,0,0.0625,0,0.125,0,0.0625,0,0,0,0.1875,0,0,0,0,0,0,0,0,0,0,0,0,0.0625,0,0,0.5,0,0,0,0
111,NORTH,1,MACPRESS,Spring 2016,0,0,0,0,0,0,0,0,0,0,0,0,0,0.125,0,0,0.1875,0,0,0,0,0,0.0625,0,0.0625,0,0.25,0,0.125,0,0,0.1875,0,0,0,0,0,0,0,1,0,0,0,0
112,NORTH,1,MACPRESS,Spring 2016,0,0,0,0,0,0.125,0,0,0,0,0,0.0625,0,0,0,0,0,0.0625,0,0.0625,0,0,0,0,0.0625,0.125,0.125,0,0,0.3125,0,0,0,0.0625,0,0,0,0,0,0.6875,0,0,0,0
113,NORTH,1,MACPRESS,Spring 2016,0.1875,0.375,0,0,0,0.25,0,0,0,0,0,0.1875,0,0,0,0,0,0,0,0,0,0,0,0,0,0,0,0,0,0,0,0,0,0,0,0,0,0,0,1,0,0,0,0
114,NORTH,1,MACPRESS,Spring 2016,0,0,0,0,0.3125,0.25,0,0,0,0,0,0,0,0,0,0,0.125,0,0,0,0,0,0,0,0,0,0.3125,0,0,0,0,0,0,0,0,0,0,0,0,1,0,0,0,0
115,NORTH,1,MACPRESS,Spring 2016,0.375,0,0.125,0.0625,0,0,0,0,0,0,0.0625,0,0,0,0,0,0.1875,0,0,0,0,0,0,0,0,0.125,0,0,0,0,0,0.0625,0,0,0,0,0,0,0,0.625,0,0,0,0
116,NORTH,1,MACPRESS,Spring 2016,0.375,0.0625,0,0,0,0,0,0,0,0,0,0,0,0,0,0,0.25,0.125,0,0,0,0,0,0,0.1875,0,0,0,0,0,0,0,0,0,0,0,0,0,0,0.125,0,0,0,0
117,NORTH,1,MACPRESS,Spring 2016,0.25,0.1875,0.0625,0,0.1875,0,0,0,0,0,0.0625,0,0.0625,0,0,0,0,0,0,0,0,0,0,0,0,0,0,0,0.1875,0,0,0,0,0,0,0,0,0,0,0.0625,0,0,0,0
118,NORTH,2,BRO_PRESS,Spring 2016,0,0.1875,0,0,0,0,0,0,0,0,0,0,0.0625,0,0,0,0.1875,0,0.3125,0,0,0,0.0625,0.0625,0,0,0,0,0.0625,0,0,0.0625,0,0,0,0,0,0,0,0,0.25,0,0,0
119,NORTH,2,BRO_PRESS,Spring 2016,0,0,0,0,0,0,0,0,0,0,0,0,0,0,0,0.0625,0.1875,0,0.1875,0,0,0,0,0,0,0,0.25,0,0.125,0,0,0.125,0,0,0,0,0.0625,0,0,0,0.3125,0,0,0
120,NORTH,2,BRO_PRESS,Spring 2016,0.0625,0.1875,0,0,0,0,0,0,0,0,0,0,0,0,0,0,0.375,0,0,0,0,0,0,0,0,0,0.1875,0,0,0.0625,0,0.125,0,0,0,0,0,0,0,0,0.625,0,0,0
121,NORTH,2,BRO_PRESS,Spring 2016,0.125,0.375,0,0,0,0.0625,0,0,0,0,0.0625,0,0,0,0,0,0.1875,0,0.0625,0,0,0,0.0625,0,0.0625,0,0,0,0,0,0,0,0,0,0,0,0,0,0,0,0.5,0,0,0
122,NORTH,2,BRO_PRESS,Spring 2016,0,0,0,0,0,0,0,0,0,0,0,0,0,0,0,0,0.25,0.125,0,0,0,0,0,0,0,0,0.25,0,0.1875,0.125,0,0.0625,0,0,0,0,0,0,0,0,0,0,0,0
123,NORTH,2,BRO_PRESS,Spring 2016,0.0625,0.1875,0,0,0,0,0,0,0,0,0,0,0,0,0,0,0.375,0,0.0625,0.125,0,0,0.0625,0,0,0,0,0,0,0,0,0,0,0,0.125,0,0,0,0,0,0,0,0,0
124,NORTH,2,BRO_PRESS,Spring 2016,0,0.1875,0.0625,0,0.0625,0.0625,0.0625,0,0,0,0.0625,0.0625,0,0.0625,0,0,0.375,0,0,0,0,0,0,0,0,0,0,0,0,0,0,0,0,0,0,0,0,0,0,0,0.5,0,0,0
125,NORTH,2,BRO_PRESS,Spring 2016,0,0.125,0,0,0,0,0,0,0,0,0.125,0,0,0,0,0,0.4375,0,0,0,0,0,0,0,0,0,0.0625,0,0.0625,0.0625,0,0.125,0,0,0,0,0,0,0,0,1,0,0,0
126,NORTH,2,BRO_PRESS,Spring 2016,0,0.125,0,0,0,0,0.0625,0,0,0,0,0.125,0.125,0.25,0,0,0.125,0,0,0,0,0,0,0,0,0,0,0,0,0.1875,0,0,0,0,0,0,0,0,0,0,0,0,0,0
127,NORTH,3,PULSE_NOV,Spring 2016,0,0.375,0,0,0,0,0,0,0,0,0,0,0,0.1875,0,0,0,0.25,0.0625,0,0,0,0.0625,0,0.0625,0,0,0,0,0,0,0,0,0,0,0,0,0,0,0,0.5,0,0.5,0
128,NORTH,3,PULSE_NOV,Spring 2016,0,0,0,0,0,0,0,0,0,0,0,0,0,0,0,0,0.125,0,0.1875,0,0,0,0,0,0,0,0.375,0,0,0.0625,0,0.25,0,0,0,0,0,0,0,0,0,0,1,0
129,NORTH,3,PULSE_NOV,Spring 2016,0,0.1875,0,0,0,0,0,0,0,0,0,0,0.1875,0,0,0,0,0.125,0.0625,0.0625,0,0,0,0,0.125,0,0.25,0,0,0,0,0,0,0,0,0,0,0,0,0,0,0,0,0
130,NORTH,3,PULSE_NOV,Spring 2016,0,0.3125,0,0,0,0,0,0,0,0,0.1875,0,0,0,0,0,0,0,0,0,0,0,0,0,0.125,0,0,0,0,0.1875,0,0.125,0,0,0.0625,0,0,0,0,0,0,0,0,0
131,NORTH,3,PULSE_NOV,Spring 2016,0,0.1875,0,0,0,0,0,0,0,0,0,0,0,0,0,0,0.375,0.25,0,0,0,0,0,0,0,0,0.1875,0,0,0,0,0,0,0,0,0,0,0,0,0,0,0,0,0
132,NORTH,3,PULSE_NOV,Spring 2016,0,0.125,0,0,0,0.1875,0,0,0,0,0,0,0,0,0,0,0.1875,0,0,0,0,0,0,0,0,0,0.1875,0,0.1875,0,0,0.125,0,0,0,0,0,0,0,0,0.1875,0,0,0
133,NORTH,3,PULSE_NOV,Spring 2016,0,0.25,0,0,0,0,0,0,0,0,0,0,0,0,0,0,0.25,0.0625,0.125,0,0,0,0.0625,0,0.1875,0,0,0,0,0,0,0,0,0,0,0,0.0625,0,0,0,0,0,0.5,0
134,NORTH,3,PULSE_NOV,Spring 2016,0,0.25,0.0625,0.0625,0,0.125,0,0,0,0,0,0,0,0.1875,0,0,0.125,0,0,0,0,0,0,0,0.0625,0.0625,0,0,0.0625,0,0,0,0,0,0,0,0,0,0,0,0.1875,0,0.3125,0
135,NORTH,4,CONTROL,Spring 2016,0.375,0.125,0,0,0.1875,0,0,0,0,0,0,0,0,0,0,0,0,0,0,0,0,0,0.0625,0.0625,0,0,0.0625,0,0,0.125,0,0,0,0,0,0,0,0,0,1,0,0,0,0
136,NORTH,4,CONTROL,Spring 2016,0.0625,0.0625,0,0,0.0625,0,0.0625,0,0,0,0.0625,0,0.0625,0,0,0,0,0,0,0,0,0,0,0.25,0.0625,0.125,0.0625,0,0.0625,0,0,0,0,0,0.0625,0,0,0,0,1,0,0,0,0
137,NORTH,4,CONTROL,Spring 2016,0,0.125,0,0,0.3125,0,0,0,0,0,0,0,0,0,0,0,0,0,0,0,0,0,0,0.1875,0,0,0.375,0,0,0,0,0,0,0,0,0,0,0,0,1,0,0,0,0
138,NORTH,4,CONTROL,Spring 2016,0,0,0,0,0,0,0,0,0,0,0,0,0.1875,0.125,0,0,0,0,0.125,0.0625,0,0,0.1875,0,0,0,0,0,0.25,0,0,0.0625,0,0,0,0,0,0,0,1,0,0,0,0
139,NORTH,4,CONTROL,Spring 2016,0.125,0.1875,0.0625,0.0625,0,0.0625,0.0625,0,0,0,0,0,0,0,0,0,0.125,0,0,0,0,0,0.125,0,0,0,0,0,0,0.0625,0,0.125,0,0,0,0,0,0,0,1,0,0,0,0
140,NORTH,4,CONTROL,Spring 2016,0.125,0,0,0,0.125,0,0,0,0,0,0,0.25,0,0,0,0,0.125,0,0,0,0,0,0,0,0,0,0,0,0.0625,0.125,0,0.125,0,0.0625,0,0,0,0,0,1,0,0,0,0
141,NORTH,4,CONTROL,Spring 2016,0.0625,0.1875,0,0,0.125,0,0,0,0,0,0,0.125,0,0,0,0,0,0,0,0,0,0,0,0,0,0,0.25,0,0.125,0.0625,0,0.0625,0,0,0,0,0,0,0,1,0,0,0,0
142,NORTH,4,CONTROL,Spring 2016,0,0,0,0,0.125,0,0.0625,0,0,0,0.0625,0,0.0625,0.0625,0,0.0625,0.0625,0,0,0,0,0.0625,0,0.0625,0.125,0.0625,0,0,0,0,0,0.125,0,0.0625,0,0,0,0,0,1,0,0,0,0
143,NORTH,4,CONTROL,Spring 2016,0,0.125,0,0,0.375,0.0625,0,0,0,0,0,0,0,0,0,0,0,0,0.0625,0,0,0,0.0625,0.0625,0,0,0.1875,0,0.0625,0,0,0,0,0,0,0,0,0,0,1,0,0,0,0
144,NORTH,4,CONTROL,Spring 2016,0.125,0,0.125,0,0,0,0,0,0,0,0,0,0,0,0,0,0.25,0,0,0,0,0,0,0,0.25,0,0.1875,0,0.0625,0,0,0,0,0,0,0,0,0,0,1,0,0,0,0
145,SOUTH,1,BRO_PRESS,Summer 2016,0.25,0,0,0,0,0,0,0,0.3125,0,0,0,0,0,0,0,0,0.25,0,0,0,0,0,0.125,0,0,0,0,0,0,0,0.0625,0,0,0,0,0,0,0,0,0,0,0.0625,0
146,SOUTH,1,BRO_PRESS,Summer 2016,0,0,0,0,0.25,0.0625,0,0,0,0.3125,0,0,0,0,0,0,0,0,0,0,0,0,0,0,0,0,0,0,0.25,0,0,0.125,0,0,0,0,0,0,0,0,0,0,0,0
147,SOUTH,1,BRO_PRESS,Summer 2016,0,0,0,0,0.0625,0,0,0,0.25,0.625,0,0,0,0,0,0,0,0,0,0,0,0,0,0,0,0,0,0,0,0,0,0,0,0.0625,0,0,0,0,0,0,0,0,0,0
148,SOUTH,1,BRO_PRESS,Summer 2016,0,0,0,0,0,0,0,0,0,0,0,0,0,0,0,0,0,0.3125,0,0,0,0,0,0,0,0,0,0,0.25,0,0,0.3125,0,0.125,0,0,0,0,0,0,0,0,0,0
149,SOUTH,1,BRO_PRESS,Summer 2016,0.0625,0.25,0,0,0,0,0,0,0.1875,0.1875,0,0.125,0,0,0,0,0,0,0,0,0,0,0,0,0,0.1875,0,0,0,0,0,0,0,0,0,0,0,0,0,0,0.125,0,0,0
150,SOUTH,1,BRO_PRESS,Summer 2016,0.0625,0,0,0,0,0,0,0,0.0625,0,0,0.125,0,0,0,0,0.3125,0,0,0,0,0,0,0,0,0.1875,0,0,0,0,0,0.25,0,0,0,0,0,0,0,0,0,0,0.0625,0
151,SOUTH,1,BRO_PRESS,Summer 2016,0,0.0625,0,0.25,0,0,0,0,0.125,0,0,0,0,0,0,0,0,0.125,0,0,0,0,0,0,0,0.0625,0,0.1875,0,0,0,0.1875,0,0,0,0,0,0,0,0,0,0,0,0
152,SOUTH,1,BRO_PRESS,Summer 2016,0.1875,0.1875,0,0,0,0,0,0,0.25,0,0,0,0,0,0,0,0,0,0,0,0.25,0,0,0,0,0,0,0,0,0,0,0.125,0,0,0,0,0,0,0,0,0,0,0.0625,0
153,SOUTH,1,BRO_PRESS,Summer 2016,0,0,0,0.125,0,0,0,0,0.25,0,0,0.3125,0,0,0,0,0,0,0,0,0.1875,0,0,0,0,0.125,0,0,0,0,0,0,0,0,0,0,0,0,0,0,0,0,0,0
154,SOUTH,2,MACPRESS,Summer 2016,0,0.1875,0,0.1875,0,0,0,0,0.25,0,0,0,0,0,0,0,0,0,0,0,0,0,0,0.0625,0,0.25,0,0,0,0,0,0.0625,0,0,0,0,0,0,0,0.25,0,0,0,0
155,SOUTH,2,MACPRESS,Summer 2016,0,0.375,0,0,0,0,0,0,0,0,0,0,0,0,0,0,0,0,0,0,0,0,0,0.1875,0,0.1875,0,0,0,0,0,0.1875,0,0,0.0625,0,0,0,0,0.625,0,0,0,0
156,SOUTH,2,MACPRESS,Summer 2016,0,0.25,0,0,0,0,0,0,0,0,0,0,0,0.125,0,0,0,0,0,0,0,0.0625,0,0.0625,0,0.1875,0,0,0,0,0,0.0625,0,0.125,0.125,0,0,0,0,1,0,0,0,0
157,SOUTH,2,MACPRESS,Summer 2016,0.25,0.25,0,0,0,0,0,0,0,0,0,0,0,0,0,0,0,0,0,0,0,0,0,0,0,0.25,0,0,0,0,0,0.25,0,0,0,0,0,0,0,0,0,0,0,0
158,SOUTH,2,MACPRESS,Summer 2016,0.25,0,0,0,0,0,0,0,0,0,0,0,0,0,0,0,0,0,0,0,0,0.375,0,0,0,0.3125,0,0,0,0,0,0.0625,0,0,0,0,0,0,0,0.3125,0,0,0,0
159,SOUTH,2,MACPRESS,Summer 2016,0.25,0.25,0,0,0,0,0,0,0,0,0,0,0.125,0,0,0,0,0,0,0,0,0,0,0.0625,0,0.3125,0,0,0,0,0,0,0,0,0,0,0,0,0,0,0,0,0,0
160,SOUTH,2,MACPRESS,Summer 2016,0,0,0,0,0,0.25,0,0,0,0,0,0.1875,0.3125,0,0,0,0,0,0,0,0,0,0,0,0,0,0,0,0,0,0,0.25,0,0,0,0,0,0,0,0.125,0,0,0,0
161,SOUTH,2,MACPRESS,Summer 2016,0,0,0,0,0.25,0.0625,0,0,0,0,0,0,0,0,0,0,0,0.3125,0,0,0,0.0625,0,0,0,0.3125,0,0,0,0,0,0,0,0,0,0,0,0,0,0,0,0,0,0
162,SOUTH,2,MACPRESS,Summer 2016,0,0,0,0,0.1875,0.125,0,0,0,0,0,0.3125,0,0,0,0,0,0,0,0,0,0,0,0,0,0.25,0,0,0,0,0,0.125,0,0,0,0,0,0,0,0,0,0,0,0
163,SOUTH,3,CONTROL,Summer 2016,0,0,0,0,0.1875,0,0,0,0.3125,0,0,0,0,0,0,0.1875,0,0,0,0,0,0.0625,0,0,0,0.1875,0,0,0,0,0,0.0625,0,0,0,0,0,0,0,0.9375,0,0,0,0
164,SOUTH,3,CONTROL,Summer 2016,0,0,0,0,0.25,0,0,0,0.1875,0,0,0,0,0,0,0,0,0,0,0,0,0,0,0,0,0.1875,0,0,0,0,0,0.25,0.125,0,0,0,0,0,0,0.9375,0,0,0,0
165,SOUTH,3,CONTROL,Summer 2016,0,0,0,0,0,0,0,0,0.5,0,0,0,0,0,0,0,0,0.25,0,0,0.25,0,0,0,0,0,0,0,0,0,0,0,0,0,0,0,0,0,0,0.9375,0,0,0,0
166,SOUTH,3,CONTROL,Summer 2016,0.25,0.1875,0,0.1875,0.125,0.0625,0,0,0,0,0,0,0,0,0,0,0.125,0,0,0,0,0,0,0,0,0,0,0,0,0,0,0,0,0,0,0,0,0,0.0625,0.9375,0,0,0,0
167,SOUTH,3,CONTROL,Summer 2016,0.0625,0,0,0,0,0,0,0,0.25,0,0,0,0.4375,0,0,0,0,0,0,0,0,0,0,0,0,0,0,0,0,0,0,0.25,0,0,0,0,0,0,0,0.9375,0,0,0,0
168,SOUTH,3,CONTROL,Summer 2016,0,0,0,0,0,0.1875,0,0,0.1875,0,0,0,0,0,0,0,0,0,0,0,0,0.1875,0,0,0,0.25,0,0,0,0,0,0.1875,0,0,0,0,0,0,0,0.875,0.0625,0,0,0
169,SOUTH,3,CONTROL,Summer 2016,0,0,0,0,0,0,0,0,0.4375,0,0,0.0625,0.1875,0,0,0,0,0,0,0,0,0,0,0,0,0.1875,0,0,0,0,0,0.125,0,0,0,0,0,0,0,0.8125,0,0,0,0
170,SOUTH,3,CONTROL,Summer 2016,0,0,0,0,0,0,0,0,0.9375,0,0,0,0,0,0,0,0,0,0,0,0.0625,0,0,0,0,0,0,0,0,0,0,0,0,0,0,0,0,0,0,0.125,0.1875,0,0,0
171,SOUTH,3,CONTROL,Summer 2016,0.25,0,0,0,0,0,0,0.0625,0.5625,0,0,0,0,0,0,0,0,0,0,0,0,0,0,0,0,0,0,0,0.0625,0,0,0,0,0,0,0,0,0,0,0.0625,0.0625,0,0,0
172,SOUTH,4,PULSE_NOV,Summer 2016,0,0.3125,0,0.125,0,0,0,0,0,0,0,0,0,0.25,0,0,0,0,0,0,0,0,0,0,0,0,0,0,0,0,0,0.25,0,0,0,0,0,0,0,1,0,0,0,0
173,SOUTH,4,PULSE_NOV,Summer 2016,0,0.75,0,0,0,0,0,0,0,0,0,0,0,0,0,0,0,0,0,0,0,0,0,0,0,0,0,0,0,0,0,0.25,0,0,0,0,0,0,0,1,0,0,0,0
174,SOUTH,4,PULSE_NOV,Summer 2016,0,0.375,0,0,0,0,0,0,0,0,0,0,0,0,0.125,0.0625,0,0,0,0,0,0,0,0,0,0.125,0,0,0,0,0.125,0.1875,0,0,0,0,0,0,0,1,0,0,0,0
175,SOUTH,4,PULSE_NOV,Summer 2016,0.1875,0,0,0,0.1875,0,0,0,0.1875,0,0,0,0,0,0,0.0625,0,0.1875,0,0,0,0,0,0.0625,0,0.125,0,0,0,0,0,0,0,0,0,0,0,0,0,1,0,0,0,0
176,SOUTH,4,PULSE_NOV,Summer 2016,0.25,0,0,0,0,0.125,0,0,0.1875,0,0,0,0,0.25,0,0,0,0,0,0,0,0,0,0,0,0,0,0,0,0,0,0.125,0,0,0,0,0,0,0,0.875,0,0,0,0
177,SOUTH,4,PULSE_NOV,Summer 2016,0,0.3125,0,0,0,0,0,0,0,0,0,0,0,0,0.1875,0,0.0625,0,0,0,0,0,0,0,0,0,0,0,0,0,0.25,0.1875,0,0,0,0,0,0,0,0.875,0,0,0,0
178,SOUTH,4,PULSE_NOV,Summer 2016,0.3125,0,0,0,0,0.125,0,0,0,0,0,0,0,0.125,0.1875,0,0,0,0,0,0,0,0,0,0,0,0,0,0,0,0,0.25,0,0,0,0,0,0,0,0.3125,0,0,0,0
NA,SOUTH,4,PULSE_NOV,Summer 2016,0.125,0.25,0,0,0,0,0,0,0,0,0,0,0,0,0.25,0.0625,0,0,0,0,0,0,0,0,0,0.25,0,0,0,0,0,0.0625,0,0,0,0,0,0,0,0.125,0,0,0,0
180,SOUTH,4,PULSE_NOV,Summer 2016,0,0.25,0,0.25,0,0,0,0.25,0,0,0,0,0,0,0,0,0,0.1875,0,0,0,0,0,0,0,0,0,0,0,0,0,0.0625,0,0,0,0,0,0,0,0,0,0,0,0
181,CENTRAL,1,PULSE_NOV,Summer 2016,0,0,0,0,0.3125,0.0625,0,0,0,0,0,0,0,0,0,0,0,0,0.375,0,0,0,0,0,0,0,0,0,0,0,0,0.1875,0.0625,0,0,0,0,0,0,0,0,0,1,0
182,CENTRAL,1,PULSE_NOV,Summer 2016,0,0,0,0,0.0625,0.3125,0,0,0,0,0,0,0,0,0,0,0,0,0.625,0,0,0,0,0,0,0,0,0,0,0,0,0,0,0,0,0,0,0,0,0.0625,0,0,0.125,0
183,CENTRAL,1,PULSE_NOV,Summer 2016,0,0,0,0,0.1875,0,0,0,0,0,0,0,0,0,0,0,0,0,0.1875,0,0,0,0,0,0,0,0,0.1875,0,0,0,0.4375,0,0,0,0,0,0,0,0,0,0,1,0
184,CENTRAL,1,PULSE_NOV,Summer 2016,0,0,0,0,0.25,0,0,0,0,0,0,0,0,0,0,0,0,0,0.125,0,0,0,0,0.25,0,0,0,0.25,0,0,0,0,0,0.0625,0.0625,0,0,0,0,0.125,0,0,0.75,0
185,CENTRAL,1,PULSE_NOV,Summer 2016,0,0,0,0,0,0,0,0,0,0,0,0,0,0,0,0,0,0,0.25,0.1875,0,0.1875,0,0,0,0,0,0.375,0,0,0,0,0,0,0,0,0,0,0,0,0,0,1,0
186,CENTRAL,1,PULSE_NOV,Summer 2016,0,0,0,0,0.25,0.25,0,0,0,0,0,0,0,0,0,0,0,0,0.125,0,0,0,0,0,0,0,0,0,0,0,0,0,0,0,0.125,0,0.25,0,0,0,0,0,0.9375,0
187,CENTRAL,1,PULSE_NOV,Summer 2016,0.0625,0.0625,0,0,0.3125,0.25,0,0,0,0,0,0,0,0,0,0,0,0,0,0.1875,0,0,0,0,0,0,0,0.125,0,0,0,0,0,0,0,0,0,0,0,0,0,0,1,0
188,CENTRAL,1,PULSE_NOV,Summer 2016,0,0,0,0,0.0625,0.1875,0,0,0,0,0,0,0,0,0,0,0,0,0,0,0,0,0,0,0,0,0,0,0,0,0,0.625,0,0,0,0.0625,0.0625,0,0,0,0,0,0.5,0
189,CENTRAL,1,PULSE_NOV,Summer 2016,0,0,0,0,0.0625,0.0625,0,0,0,0,0,0,0,0,0,0,0,0,0.125,0,0,0,0,0,0,0,0,0,0.125,0,0,0.0625,0,0.1875,0,0.1875,0.0625,0,0,0,0,0,1,0
190,CENTRAL,2,MACPRESS,Summer 2016,0.0625,0,0,0,0.25,0.375,0,0,0,0,0,0,0,0,0,0,0,0,0,0,0,0,0,0,0,0,0,0.1875,0,0,0.125,0,0,0,0,0,0,0,0,0.5,0,0,0,0
191,CENTRAL,2,MACPRESS,Summer 2016,0.3125,0.1875,0,0,0,0.25,0,0,0,0,0,0,0,0,0,0,0,0,0,0,0,0,0,0,0,0,0,0.125,0,0,0,0,0,0.125,0,0,0,0,0,0.5625,0,0,0,0
192,CENTRAL,2,MACPRESS,Summer 2016,0,0,0,0,0.0625,0.125,0,0,0,0,0,0,0,0.125,0,0,0,0,0,0,0,0,0,0,0,0.1875,0,0.1875,0,0,0,0,0.125,0.1875,0,0,0,0,0,0.4375,0,0,0,0
193,CENTRAL,2,MACPRESS,Summer 2016,0,0.3125,0,0,0.3125,0.25,0,0,0,0,0,0,0,0,0,0,0,0,0,0,0,0,0,0,0,0,0,0.125,0,0,0,0,0,0,0,0,0,0,0,0.375,0,0,0,0
194,CENTRAL,2,MACPRESS,Summer 2016,0,0.125,0,0,0.1875,0,0,0,0,0,0,0,0,0,0,0,0,0,0,0,0,0.25,0,0.1875,0,0,0,0,0.125,0,0,0,0,0.125,0,0,0,0,0,0.625,0,0,0,0
195,CENTRAL,2,MACPRESS,Summer 2016,0.125,0,0,0,0.0625,0.0625,0,0,0,0,0,0,0,0,0,0,0,0,0,0,0,0,0,0.1875,0,0,0,0.25,0,0,0.3125,0,0,0,0,0,0,0,0,0,0,0,0,0
196,CENTRAL,2,MACPRESS,Summer 2016,0,0,0,0,0.4375,0.0625,0,0,0,0,0,0,0,0,0,0,0,0,0,0,0,0,0,0,0,0,0,0.1875,0,0,0,0,0,0.3125,0,0,0,0,0,0.0625,0,0,0,0
197,CENTRAL,2,MACPRESS,Summer 2016,0.1875,0,0,0,0.3125,0,0,0.0625,0,0.125,0,0.0625,0,0,0,0,0,0,0,0,0,0,0,0,0,0,0,0.125,0,0,0,0,0,0.125,0,0,0,0,0,0,0,0,0,0
198,CENTRAL,2,MACPRESS,Summer 2016,0.375,0,0,0,0,0,0,0,0,0,0,0,0,0,0.0625,0,0,0,0.0625,0.125,0,0,0.125,0.125,0,0.125,0,0,0,0,0,0,0,0,0,0,0,0,0,0.125,0,0,0,0
199,CENTRAL,3,BRO_PRESS,Summer 2016,0,0.25,0,0,0,0,0,0,0,0,0,0,0,0.25,0,0,0,0,0,0,0,0,0,0,0,0,0,0.1875,0,0,0,0,0,0.0625,0,0,0.25,0,0,1,0,0,0,0
200,CENTRAL,3,BRO_PRESS,Summer 2016,0.1875,0,0,0,0,0,0,0,0,0,0,0,0,0.375,0,0,0,0.375,0,0,0,0,0,0,0,0.0625,0,0,0,0,0,0,0,0,0,0,0,0,0,1,0,0,0,0
201,CENTRAL,3,BRO_PRESS,Summer 2016,0.25,0.25,0,0,0,0.0625,0,0,0.125,0,0,0,0,0.1875,0,0,0,0,0,0.0625,0,0,0,0,0,0,0,0.0625,0,0,0,0,0,0,0,0,0,0,0,0.875,0,0,0,0
202,CENTRAL,3,BRO_PRESS,Summer 2016,0.1875,0.125,0,0,0.1875,0.0625,0,0,0.375,0,0,0,0,0,0,0,0,0,0,0.0625,0,0,0,0,0,0,0,0,0,0,0,0,0,0,0,0,0,0,0,1,0,0,0,0
203,CENTRAL,3,BRO_PRESS,Summer 2016,0,0.3125,0,0,0.0625,0.1875,0,0,0,0,0,0,0,0.25,0,0,0,0,0,0.125,0,0,0,0.0625,0,0,0,0,0,0,0,0,0,0,0,0,0,0,0,1,0,0,0,0
204,CENTRAL,3,BRO_PRESS,Summer 2016,0.0625,0,0,0,0,0,0,0,0,0,0,0,0,0.125,0,0,0,0,0.125,0.125,0,0,0,0.1875,0,0,0,0.375,0,0,0,0,0,0,0,0,0,0,0,1,0,0,0,0
205,CENTRAL,3,BRO_PRESS,Summer 2016,0.1875,0.1875,0,0,0,0,0,0,0,0,0,0.25,0,0,0,0,0,0,0,0.0625,0,0,0,0,0,0,0,0,0,0,0,0.125,0,0.1875,0,0,0,0,0,0,0,0,0,0
206,CENTRAL,3,BRO_PRESS,Summer 2016,0,0.1875,0,0.1875,0,0,0,0,0,0,0,0,0,0.25,0,0.125,0,0,0.125,0,0,0,0,0,0,0,0,0.125,0,0,0,0,0,0,0,0,0,0,0,1,0,0,0,0
207,CENTRAL,3,BRO_PRESS,Summer 2016,0,0,0,0.0625,0,0,0,0,0,0,0,0,0,0,0,0.0625,0,0.1875,0.375,0.1875,0,0,0,0.125,0,0,0,0,0,0,0,0,0,0,0,0,0,0,0,1,0,0,0,0
208,CENTRAL,4,CONTROL,Summer 2016,0,0.125,0,0,0.125,0.0625,0,0,0.125,0,0,0,0,0,0,0,0,0,0,0,0,0,0,0,0,0,0,0.125,0.125,0.0625,0.0625,0,0.0625,0.0625,0.0625,0,0,0,0,1,0,0,0,0
209,CENTRAL,4,CONTROL,Summer 2016,0,0.0625,0,0,0.125,0.125,0,0,0.125,0.125,0,0,0,0,0,0,0,0,0,0.0625,0,0,0,0,0,0,0,0.1875,0,0,0,0,0,0,0.1875,0,0,0,0,0.9375,0,0,0,0
210,CENTRAL,4,CONTROL,Summer 2016,0,0.125,0,0,0.0625,0.0625,0,0,0.125,0,0,0.125,0,0,0,0,0,0,0,0,0.1875,0.0625,0,0,0,0,0,0.0625,0.0625,0,0,0,0,0,0.125,0,0,0,0,0.9375,0,0,0,0
211,CENTRAL,4,CONTROL,Summer 2016,0,0,0,0,0.125,0.0625,0,0,0,0,0,0,0,0,0,0.0625,0,0,0,0.1875,0,0,0,0,0,0,0,0.0625,0,0,0,0,0,0.5,0,0,0,0,0,0.75,0,0,0,0
212,CENTRAL,4,CONTROL,Summer 2016,0,0.1875,0,0,0.125,0.0625,0,0,0.125,0.0625,0,0,0,0,0,0,0,0.0625,0.1875,0,0,0,0,0,0,0,0,0.1875,0,0,0,0,0,0,0,0,0,0,0,1,0,0,0,0
213,CENTRAL,4,CONTROL,Summer 2016,0,0,0,0,0.0625,0.125,0,0,0.0625,0,0,0.0625,0,0,0,0,0,0,0,0.125,0,0.1875,0,0,0,0.125,0,0.125,0.0625,0,0,0,0,0,0.0625,0,0,0,0,0.8125,0,0,0,0
214,CENTRAL,4,CONTROL,Summer 2016,0,0.0625,0,0,0.1875,0.1875,0,0,0,0,0,0,0.1875,0.0625,0,0,0.0625,0,0.0625,0,0,0,0,0,0,0,0,0.125,0,0,0,0,0,0.0625,0,0,0,0,0,0.75,0,0,0,0
215,CENTRAL,4,CONTROL,Summer 2016,0,0.0625,0,0,0.0625,0.0625,0,0,0.0625,0.125,0,0,0,0,0,0,0,0,0,0.125,0,0,0,0,0,0,0,0.0625,0.0625,0,0,0.375,0,0,0,0,0,0,0,1,0,0,0,0