Site,ARTCOR,ENCCOR,ENCRED,Callophyllis flabelluata,Cryptopleura corallina,Gelidium spp. ,Rhodomenia californica,Rhodomenia pacifica,Halymenia spp. ,Botryocladia pseudodichotoma,Prionitis lancelota,Freyella gardeneri,Juvenile reds,Plocamium pacificum,Priolitis linearis,FILAMENTOUS,Other Reds,Dictyonerum,Desmarestia ligulata,Macrocystis pyrifera,Juvenile Macrocystis,DEADHOLDFAST,Pterygophora californica,Cystoseira osmundacea,Juvenile Laminaria,Laminaria setchelii,Laminaria farlowii
site_1,0.1875,0.3125,0,0,0,0,0,0,0,0,0,0,0,0,0,0,0,0,0,0,0,0,0,0,0,0,0
site_2,0.3125,0.1875,0,0,0,0,0,0,0,0,0,0,0,0,0.125,0,0,0,0,0,0,0,0,0,0,0,0
site_3,0,0.1875,0,0,0,0,0.25,0,0,0,0,0,0,0.0625,0.0625,0,0,0,0,0,0,0,0.125,0,0,0,0
site_4,0,0,0,0,0,0,0,0,0,0,0,0,0,0,0.6875,0,0,0,0,0,0,0,0,0,0,0,0
site_5,0.125,0.1875,0.25,0,0,0,0,0,0,0,0,0,0,0,0,0,0,0,0,0,0,0,0,0,0.1875,0,0
site_6,0,0,0,0,0,0,0.125,0,0,0.0625,0,0.0625,0.0625,0.1875,0,0.0625,0,0,0,0,0,0,0,0.0625,0,0,0
site_7,0,0,0,0,0,0,0,0,0,0,0,0,0,0,0.3125,0,0,0,0,0,0,0,0.125,0,0,0,0.3125
site_8,0,0.125,0.0625,0,0,0,0,0,0,0,0,0,0,0,0,0,0,0,0,0,0,0,0,0,0,0,0
site_9,0,0,0,0,0.125,0,0,0,0,0.125,0,0,0,0,0,0.0625,0,0,0.0625,0,0.125,0.0625,0,0,0.0625,0,0.125
site_10,0,0.25,0.1875,0,0.0625,0,0,0,0,0,0,0,0.125,0,0.0625,0.0625,0,0,0,0,0,0,0,0,0,0,0
site_11,0.1875,0,0,0,0,0,0,0,0,0,0,0,0,0,0,0.125,0.0625,0,0.125,0.0625,0,0,0,0,0.1875,0,0.0625
site_12,0.1875,0.1875,0,0,0.125,0,0.0625,0,0,0.0625,0,0,0,0,0.0625,0,0,0,0,0,0,0,0,0,0,0,0
site_13,0,0,0,0,0,0,0,0,0,0,0,0,0,0.1875,0.0625,0,0,0,0,0.0625,0,0,0.0625,0,0.125,0,0
site_14,0.3125,0.125,0,0,0,0,0,0,0,0,0,0,0,0,0,0,0,0,0,0.1875,0,0,0.375,0,0,0,0
site_15,0.3125,0,0,0,0,0,0,0,0,0,0,0,0,0,0,0,0,0,0,0,0,0,0,0,0,0,0
site_16,0.25,0.1875,0,0,0,0,0,0,0,0,0,0,0,0,0,0,0,0,0,0.125,0,0,0.1875,0.0625,0,0,0
site_17,0.3125,0.125,0.125,0,0,0,0,0,0,0,0,0,0,0,0,0,0,0,0,0,0,0,0,0,0,0,0
site_18,0,0.125,0.0625,0.125,0,0,0,0,0,0,0,0,0.3125,0,0,0,0,0,0,0,0,0,0,0,0,0,0
site_19,0,0.3125,0.125,0,0,0,0,0,0,0,0,0,0,0,0,0,0,0,0,0,0,0,0.125,0,0,0,0
site_20,0.125,0.125,0,0,0,0,0,0,0,0,0,0,0,0,0,0,0,0,0,0.0625,0,0,0.125,0.0625,0,0,0
site_21,0,0,0,0,0.125,0,0,0,0,0,0,0,0,0.1875,0,0,0,0,0,0,0,0,0,0,0,0,0
site_22,0,0,0,0.25,0,0,0,0,0,0,0.0625,0,0,0.1875,0,0,0,0,0,0,0,0,0,0,0,0,0
site_23,0.125,0.1875,0,0,0,0,0,0,0,0.0625,0,0,0.125,0,0,0,0,0,0,0,0,0.125,0,0.125,0.0625,0,0
site_24,0.25,0.125,0,0,0,0,0,0,0,0,0,0,0,0,0,0,0,0,0,0,0,0,0,0,0,0,0
site_25,0,0.0625,0.0625,0.25,0.0625,0,0,0,0,0,0,0,0.0625,0.0625,0.25,0,0,0,0,0.125,0,0,0.0625,0,0,0,0
site_26,0,0,0,0,0,0,0,0,0,0,0,0,0,0,0.0625,0.0625,0,0,0,0.0625,0,0,0,0.0625,0,0,0
site_27,0,0,0,0,0,0,0.0625,0,0,0,0.125,0.0625,0.1875,0.125,0.0625,0,0,0,0,0.0625,0,0,0,0,0,0,0
site_28,0.3125,0.1875,0.125,0,0,0,0,0,0,0,0,0,0,0,0,0,0,0,0,0,0,0,0,0,0,0,0
site_29,0.1875,0.5,0.125,0,0,0,0,0,0,0,0,0,0,0,0,0,0,0,0,0,0,0,0,0,0,0,0
site_30,0,0.3125,0.0625,0,0,0,0,0,0,0,0,0.125,0,0.1875,0,0,0,0,0,0,0,0,0,0,0,0,0
site_31,0,0.125,0,0,0,0,0,0,0,0,0,0,0,0.3125,0.0625,0,0,0,0,0,0,0,0,0,0,0,0
site_32,0,0.3125,0.125,0,0,0,0,0,0,0,0,0,0,0,0,0,0,0,0,0,0,0.125,0,0,0,0,0
site_33,0.375,0.375,0,0,0,0,0,0,0,0,0,0,0,0,0,0,0,0,0,0,0,0,0,0,0,0,0
site_34,0,0,0.0625,0.125,0,0,0,0,0,0,0,0,0.125,0,0,0.0625,0,0,0,0,0,0.0625,0.0625,0,0,0,0
site_35,0.1875,0.125,0,0,0,0,0,0,0,0,0.25,0,0,0.1875,0,0,0,0,0,0,0,0,0,0,0,0,0
site_36,0,0.0625,0.125,0,0,0,0,0,0,0,0,0,0,0,0.0625,0,0,0,0,0.125,0,0,0.25,0,0.125,0,0
site_37,0,0.1875,0,0,0,0,0,0,0,0,0,0,0,0,0,0,0,0,0,0,0,0,0.1875,0,0,0,0
site_38,0.25,0,0,0,0,0,0,0,0,0,0,0,0,0.25,0,0,0,0,0,0.125,0,0,0.3125,0,0,0,0
site_39,0,0.1875,0.1875,0,0,0,0.1875,0,0,0,0.0625,0,0,0,0.125,0,0,0,0,0.1875,0.0625,0,0,0,0,0,0
site_40,0,0,0,0,0,0,0,0,0,0,0,0,0,0.0625,0.0625,0.0625,0,0,0,0.0625,0,0,0.1875,0,0,0,0
site_41,0,0,0,0,0,0,0,0,0,0,0,0,0,0,0,0,0,0,0,0.125,0,0,0.0625,0,0.0625,0,0
site_42,0.1875,0,0.1875,0.0625,0,0,0.0625,0,0,0.0625,0,0,0.1875,0,0,0,0,0,0,0,0,0,0,0,0,0,0
site_43,0,0.0625,0.125,0,0,0,0,0,0,0,0,0,0,0.1875,0,0.125,0,0,0,0,0,0,0,0,0.125,0,0.0625
site_44,0,0.0625,0.0625,0,0.0625,0,0.1875,0,0,0,0,0,0,0,0.0625,0,0,0,0,0,0,0,0.125,0,0.0625,0,0
site_45,0.3125,0.25,0.125,0,0,0,0,0,0,0,0,0,0.0625,0,0,0,0,0,0,0,0,0,0,0,0,0,0
site_46,0,0.1875,0,0,0,0,0,0,0,0,0,0,0,0,0,0,0,0,0,0,0,0,0.3125,0,0,0,0
site_47,0.25,0,0,0,0,0,0,0,0,0,0,0,0,0,0,0,0,0,0,0,0,0,0,0,0.125,0,0
site_48,0.375,0,0,0,0,0,0,0,0,0,0,0,0,0,0.125,0,0,0,0,0,0,0,0,0,0,0,0
site_49,0,0,0,0,0,0,0,0,0,0,0,0,0,0.1875,0.0625,0,0,0,0.0625,0.125,0,0,0.1875,0.25,0,0,0
site_50,0.1875,0.1875,0.0625,0,0,0,0,0,0,0,0,0.0625,0,0,0,0,0,0,0,0.125,0,0,0.125,0,0.0625,0,0
site_51,0.125,0.0625,0.1875,0,0,0,0.25,0,0,0,0,0,0,0,0,0.0625,0,0,0,0,0,0,0,0,0,0,0
site_52,0,0,0,0,0,0,0,0,0,0,0,0,0,0,0,0,0,0,0,0.1875,0.0625,0.0625,0.125,0,0,0,0
site_53,0,0,0,0,0,0,0,0,0,0,0,0,0,0,0,0,0,0,0,0,0,0,0,0,0,0,0
site_54,0,0,0,0,0,0,0,0,0,0,0,0,0,0,0,0,0,0,0,0,0,0,0,0,0,0,0
site_55,0.375,0.25,0,0,0,0,0,0,0,0,0,0,0,0,0,0,0,0,0,0.125,0,0,0.25,0,0,0,0
site_56,0.1875,0,0,0,0,0,0,0,0,0,0,0,0,0,0,0,0,0,0,0,0,0,0,0.0625,0,0,0
site_57,0.3125,0.1875,0,0,0.0625,0,0,0,0,0,0,0,0,0,0,0,0,0,0,0.0625,0,0,0.125,0,0,0,0
site_58,0,0.125,0,0,0,0,0,0,0,0,0,0,0,0.0625,0,0,0,0,0,0.125,0,0,0.0625,0,0.0625,0,0
site_59,0,0,0,0.125,0,0,0.125,0,0,0.0625,0,0,0.0625,0,0,0,0,0,0,0,0,0,0.1875,0,0.0625,0,0
site_60,0,0.125,0,0.0625,0,0,0.0625,0,0,0,0.0625,0,0,0,0.1875,0.0625,0,0,0,0,0,0,0,0,0,0,0
site_61,0.1875,0.125,0.1875,0,0,0,0,0,0,0,0,0,0,0,0,0,0,0,0,0,0,0,0.125,0.0625,0.0625,0,0
site_62,0.625,0.0625,0,0,0,0,0,0,0,0,0,0,0.0625,0,0.125,0,0,0,0,0,0,0,0.125,0,0,0,0
site_63,0,0,0,0.125,0,0,0,0,0,0,0,0,0,0.125,0,0,0,0,0,0,0,0,0,0,0.125,0,0
site_64,0.3125,0.125,0,0,0,0,0,0,0,0,0,0,0,0,0,0,0,0,0,0.25,0.1875,0,0.0625,0,0.0625,0,0
site_65,0,0.0625,0,0,0,0,0.0625,0,0,0,0,0,0,0,0,0,0,0,0,0,0,0,0.0625,0,0.0625,0,0
site_66,0.3125,0.25,0.125,0,0,0,0.0625,0,0,0.0625,0,0,0,0,0,0,0,0,0,0,0,0,0,0,0,0,0
site_67,0.1875,0.1875,0,0.0625,0,0,0.0625,0,0,0.0625,0.0625,0,0,0,0.25,0,0,0,0,0,0,0,0,0,0,0,0
site_68,0,0,0,0,0,0,0,0,0,0,0,0,0,0.125,0,0,0,0,0,0,0.0625,0,0,0,0,0,0
site_69,0,0,0,0,0,0,0,0,0,0,0,0,0.0625,0.0625,0,0,0,0,0.0625,0,0.0625,0,0,0,0,0,0
site_70,0,0,0,0,0,0,0,0,0,0,0,0,0,0,0,0,0,0,0,0,0,0,0,0,0,0,0
site_71,0.1875,0.0625,0.25,0,0,0,0,0,0,0,0.0625,0,0,0.0625,0,0,0,0,0,0.1875,0,0,0,0.125,0,0,0
site_72,0,0,0,0,0,0,0.0625,0,0,0,0.0625,0,0,0,0.25,0,0,0,0,0,0,0,0.25,0,0,0,0
site_73,0.0625,0.125,0.0625,0.0625,0.0625,0,0.0625,0,0,0,0,0,0,0,0,0,0,0,0,0.0625,0,0,0,0,0.0625,0,0
site_74,0,0,0,0,0,0,0,0,0,0,0,0,0,0,0,0,0,0,0.0625,0.1875,0,0,0.25,0,0,0,0
site_75,0.375,0.1875,0.0625,0,0,0,0,0,0,0,0,0,0,0,0,0,0,0,0,0,0,0,0,0,0,0,0
site_76,0.1875,0.3125,0.0625,0,0,0,0,0,0,0,0,0,0,0,0,0,0,0,0.0625,0.0625,0,0,0.1875,0,0,0,0
site_77,0,0,0,0,0,0,0,0,0,0,0,0,0,0,0,0,0,0,0,0.5,0,0,0,0,0,0,0
site_78,0.5625,0.0625,0.3125,0,0,0,0,0,0,0,0,0,0,0,0,0,0,0,0,0,0,0,0,0,0,0,0
site_79,0.125,0.3125,0,0,0,0,0,0,0,0,0,0,0,0,0,0,0,0,0,0,0,0,0,0,0,0,0
site_80,0,0,0,0,0,0,0,0,0,0,0,0,0,0.125,0,0,0,0,0,0.125,0,0,0.25,0,0,0,0
site_81,0.1875,0.25,0.125,0,0,0,0.0625,0,0,0,0.0625,0,0.125,0.0625,0,0,0,0,0,0,0,0,0,0,0,0,0
site_82,0.625,0.25,0.0625,0,0,0,0,0,0,0,0,0,0.0625,0,0,0,0,0,0,0,0,0,0,0,0,0,0
site_83,0,0.3125,0.0625,0,0,0,0,0,0,0,0,0,0.1875,0.0625,0,0,0,0,0.0625,0.0625,0,0,0.125,0,0,0,0
site_84,0,0,0,0,0,0,0,0,0,0,0,0,0,0,0,0,0,0,0,0,0,0,0,0,0,0,0
site_85,0,0,0,0,0,0,0,0,0,0,0,0,0,0,0,0,0,0,0,0,0,0,0.1875,0,0,0,0
site_86,0.1875,0.25,0.0625,0,0,0,0,0,0,0,0,0,0,0,0.125,0,0,0,0,0.1875,0,0,0,0,0.1875,0,0
site_87,0,0,0,0,0,0,0,0,0,0,0,0,0,0,0,0,0,0,0,0,0,0,0,0.125,0.1875,0,0
site_88,0.375,0,0.25,0,0,0,0,0,0,0,0,0,0,0,0,0,0,0,0,0,0,0,0,0,0,0,0
site_89,0.0625,0,0.125,0,0,0,0,0,0,0,0,0,0,0,0.125,0,0,0,0.0625,0.0625,0,0,0,0,0.0625,0,0
site_90,0,0.25,0,0,0,0,0,0,0,0,0,0,0.1875,0,0.0625,0,0,0,0,0.1875,0,0,0.0625,0,0,0,0
site_91,0.625,0.1875,0,0,0,0,0,0,0,0,0,0,0,0,0,0,0,0,0,0,0,0,0,0,0,0,0
site_92,0,0,0,0,0,0,0,0,0,0,0,0,0,0,0,0,0,0,0,0.1875,0.125,0,0.1875,0,0,0,0
site_93,0.375,0.3125,0.125,0,0,0,0.0625,0,0,0.0625,0,0,0,0.0625,0,0,0,0,0,0,0,0,0,0,0,0,0
site_94,0.25,0.0625,0,0,0,0,0,0,0,0,0,0,0,0,0.0625,0,0,0,0,0.125,0,0,0.0625,0,0,0,0
site_95,0.125,0.1875,0.0625,0,0,0,0,0,0,0,0,0,0,0,0,0,0,0,0,0.0625,0.0625,0,0,0,0.25,0,0
site_96,0.1875,0,0,0,0,0,0,0,0,0,0,0,0,0,0.125,0,0,0,0,0.0625,0,0.1875,0,0,0,0,0
site_97,0.3125,0.125,0.1875,0,0,0,0,0,0,0,0,0,0,0,0,0,0,0,0,0.0625,0.0625,0,0.1875,0,0,0,0
site_98,0.375,0.0625,0.25,0,0,0,0,0,0,0,0,0,0,0,0.0625,0,0,0,0,0.0625,0,0,0,0.125,0,0,0
site_99,0.25,0.375,0,0,0,0,0,0,0,0,0,0,0,0,0,0,0,0,0,0,0,0,0,0.0625,0,0,0
site_100,0.375,0.0625,0.0625,0,0,0,0,0,0,0,0,0,0,0,0,0,0,0,0,0.125,0,0,0.25,0.125,0,0,0
site_101,0.125,0.1875,0,0,0,0,0,0,0,0,0,0,0,0,0,0,0,0,0,0.0625,0.125,0,0.0625,0,0,0,0
site_102,0.1875,0.125,0.0625,0,0,0,0,0,0,0,0,0,0,0.0625,0,0.0625,0,0,0,0,0.1875,0,0.125,0,0,0,0
site_103,0,0,0,0,0,0,0,0,0,0,0,0,0,0,0,0,0,0,0,0,0.0625,0,0.0625,0,0,0,0
site_104,0.375,0,0,0,0,0,0,0,0,0,0,0,0,0,0,0,0,0,0,0,0,0,0,0,0,0,0
site_105,0.0625,0,0,0,0,0,0,0,0,0,0,0,0.125,0,0,0.0625,0,0,0,0.1875,0.0625,0,0.0625,0,0,0,0
site_106,0,0.4375,0.1875,0,0,0,0,0,0,0,0,0,0.0625,0,0,0,0,0,0,0,0.0625,0,0,0,0,0,0
site_107,0.4375,0.5,0,0,0,0,0,0,0,0,0,0,0,0,0,0,0,0,0,0,0,0,0,0,0,0,0
site_108,0.125,0.1875,0,0,0,0,0,0,0,0,0,0,0.125,0,0,0,0,0,0,0,0,0,0,0,0,0,0
site_109,0.1875,0.375,0.0625,0,0,0,0,0,0,0,0,0,0,0.0625,0,0,0,0,0,0,0,0,0,0,0,0,0
site_110,0.25,0,0,0,0,0,0,0,0,0,0,0,0,0.375,0,0,0,0,0,0,0,0,0,0,0,0,0
site_111,0,0.25,0,0,0,0,0,0,0,0,0,0,0,0.25,0,0,0,0,0,0,0,0,0,0,0,0,0
site_112,0.125,0.1875,0,0,0,0,0,0,0,0,0,0,0,0.3125,0,0,0,0,0,0,0,0,0,0,0,0,0
site_113,0,0,0,0,0,0,0,0,0,0,0,0,0,0.3125,0,0,0,0,0,0,0,0,0,0,0,0,0
site_114,0.125,0.1875,0,0,0,0,0,0,0,0,0,0,0,0.25,0,0,0,0,0,0,0,0,0,0,0,0,0
site_115,0.3125,0.0625,0,0,0,0,0,0,0,0,0,0,0,0.1875,0,0,0,0,0,0,0,0,0,0,0,0,0
site_116,0.4375,0.0625,0.0625,0,0,0,0,0,0,0,0,0,0,0.3125,0,0,0,0,0,0,0,0,0,0,0,0,0
site_117,0.0625,0.0625,0,0,0,0,0,0,0,0,0,0,0,0.3125,0,0,0,0,0,0,0,0,0,0,0,0,0
site_118,0.25,0.3125,0,0,0,0,0,0,0,0,0,0,0,0,0,0,0,0,0,0,0,0,0.25,0,0,0,0
site_119,0.1875,0.25,0.0625,0,0,0,0,0,0,0,0,0,0,0,0,0,0,0,0,0,0,0,0,0,0,0,0
site_120,0.25,0,0,0,0,0,0,0,0,0,0,0,0,0,0,0,0,0,0,0,0,0,0,0,0,0,0
site_121,0.25,0.25,0.125,0,0,0,0,0,0,0,0,0,0,0,0,0,0,0,0,0,0,0,0,0,0,0,0
site_122,0.1875,0.3125,0,0,0,0,0,0,0,0.125,0,0,0,0,0,0,0,0,0,0.0625,0,0,0.1875,0.0625,0,0,0
site_123,0.3125,0,0,0,0,0,0,0,0,0,0,0,0,0,0,0,0,0,0,0,0,0,0.25,0,0,0,0
site_124,0.5,0.125,0.1875,0,0,0,0,0,0,0,0,0,0,0,0,0,0,0,0,0,0,0,0,0,0,0,0
site_125,0,0.25,0,0,0,0,0,0,0,0,0,0,0,0.3125,0,0,0,0,0,0,0,0,0,0,0,0,0
site_126,0,0.125,0,0,0,0,0,0,0,0,0,0,0,0,0,0,0,0,0.0625,0,0,0,0,0.3125,0,0,0
site_127,0,0.3125,0.25,0,0,0,0,0,0,0,0,0,0,0.0625,0,0,0,0,0,0.0625,0,0,0,0,0,0,0
site_128,0.1875,0.1875,0.0625,0,0,0,0,0,0,0,0,0,0,0,0,0,0,0,0,0.0625,0,0,0.125,0,0,0,0
site_129,0.25,0,0,0,0,0,0,0,0,0,0,0,0,0.1875,0,0,0,0,0,0,0,0,0,0,0,0,0
site_130,0.25,0,0,0,0,0,0,0,0,0,0,0,0,0.3125,0,0,0,0,0,0,0,0,0,0,0,0,0
site_131,0,0.1875,0,0,0,0,0,0,0,0,0,0,0,0,0,0,0,0,0,0.1875,0,0,0,0,0,0,0
site_132,0,0,0,0.25,0,0,0,0,0,0,0,0,0,0.3125,0,0,0,0,0,0,0,0,0,0,0,0,0
site_133,0.0625,0.3125,0,0,0,0,0,0,0,0,0,0,0,0.25,0,0,0,0,0,0,0,0,0,0,0,0,0
site_134,0.25,0.0625,0,0,0,0,0,0,0,0,0,0,0,0,0,0,0,0,0,0,0,0,0,0,0,0,0
site_135,0.25,0.0625,0,0,0,0,0,0,0,0,0,0,0,0.25,0.25,0,0,0,0,0,0,0,0,0,0,0,0
site_136,0.25,0.125,0.0625,0,0,0,0,0,0,0,0,0,0,0,0,0,0,0,0,0,0,0,0,0,0,0,0
site_137,0.125,0.25,0.125,0,0,0,0,0,0,0,0,0,0,0,0,0,0,0,0.3125,0,0,0,0,0,0,0,0
site_138,0.25,0.25,0,0,0,0,0,0,0,0,0,0,0,0.1875,0,0,0,0,0,0,0,0,0,0,0,0,0
site_139,0,0.3125,0.125,0,0,0,0,0,0,0,0,0,0,0,0,0,0,0,0,0,0,0.125,0,0,0,0,0
site_140,0.3125,0,0,0,0,0,0,0,0,0,0,0,0,0.1875,0,0,0,0,0,0,0,0,0,0,0,0,0
site_141,0.25,0.1875,0.0625,0,0,0,0,0,0,0,0,0,0,0,0,0,0,0,0,0.0625,0,0,0,0,0,0,0
site_142,0.375,0.4375,0.0625,0,0,0,0.0625,0,0,0,0,0,0,0.0625,0,0,0,0,0,0,0,0,0,0,0,0,0
site_143,0.3125,0.0625,0.0625,0,0,0,0,0,0,0,0,0,0,0.4375,0,0,0,0,0,0,0,0,0,0,0,0,0
site_144,0.1875,0.25,0,0,0,0,0,0,0,0,0,0,0,0.1875,0,0,0.125,0,0,0,0,0,0,0,0,0,0
site_145,0,0,0,0,0,0,0.125,0,0,0,0,0,0,0.3125,0,0,0,0,0,0,0,0,0,0,0,0,0
site_146,0,0,0,0,0,0,0,0,0,0,0,0,0,0.1875,0.3125,0,0,0,0,0,0,0.3125,0,0,0,0,0
site_147,0,0,0,0.125,0,0,0.125,0,0.1875,0,0,0,0,0,0.1875,0,0,0,0,0,0,0,0,0,0,0,0
site_148,0.1875,0,0.1875,0,0,0,0.125,0.0625,0,0,0,0,0,0,0.25,0,0,0,0.125,0,0,0,0,0,0,0,0
site_149,0,0,0.1875,0,0,0,0,0,0,0,0,0,0,0.1875,0.1875,0,0,0,0,0,0,0,0,0,0,0,0
site_150,0,0,0,0,0,0,0,0.25,0,0,0.1875,0,0,0,0.1875,0,0,0,0,0,0,0.3125,0,0,0,0,0
site_151,0,0,0,0,0,0,0,0,0.0625,0,0,0,0,0,0.3125,0,0,0,0,0,0,0.125,0,0,0,0,0
site_152,0.1875,0.0625,0.125,0,0,0,0.25,0,0,0,0,0,0,0.1875,0.1875,0,0,0,0,0,0,0,0,0,0,0,0
site_153,0.125,0.125,0.125,0,0,0,0,0,0,0,0,0,0,0.1875,0.25,0,0,0,0,0,0,0,0,0,0,0,0
site_154,0,0.1875,0,0,0,0,0,0,0,0,0,0,0,0,0,0,0,0,0,0,0,0,0.1875,0,0,0,0
site_155,0.1875,0,0,0,0,0,0,0,0,0,0,0,0.125,0,0.0625,0,0,0,0,0,0,0,0,0,0.1875,0,0
site_156,0.375,0,0,0,0,0,0,0,0.1875,0,0,0,0,0,0.1875,0,0,0,0,0.125,0,0,0,0,0,0,0
site_157,0,0,0.1875,0,0,0,0,0,0,0,0,0,0,0,0.25,0.0625,0,0,0,0,0,0,0,0,0,0,0
site_158,0,0,0,0,0,0,0,0.1875,0,0,0,0,0,0,0.1875,0,0,0,0,0.1875,0,0.1875,0.0625,0.1875,0,0,0
site_159,0,0,0.125,0,0,0,0,0,0,0,0,0,0,0,0,0,0.1875,0,0,0,0,0,0.5,0,0,0,0
site_160,0,0.1875,0.1875,0,0,0,0,0,0,0,0,0,0,0,0,0,0,0,0,0,0,0,0.125,0,0,0,0
site_161,0,0,0,0,0,0,0,0,0,0,0,0,0,0,0,0,0,0,0,0,0,0,0,0,0,0,0
site_162,0.25,0.125,0.1875,0,0,0,0.3125,0,0,0,0.0625,0,0,0,0,0,0,0,0,0,0,0,0,0,0,0,0
site_163,0.1875,0.25,0,0,0,0,0,0,0,0,0,0,0,0,0,0,0,0,0.25,0,0,0.125,0,0,0,0,0
site_164,0.125,0,0,0,0,0,0,0,0,0,0,0,0,0,0.125,0,0,0,0,0,0,0,0,0,0,0,0
site_165,0.125,0.1875,0,0,0,0,0.1875,0,0,0,0,0,0,0,0,0,0,0,0,0,0,0,0.25,0,0,0,0
site_166,0.1875,0,0,0,0,0.1875,0.25,0,0,0,0,0,0,0,0.1875,0,0,0,0,0,0,0,0,0,0,0,0
site_167,0.25,0,0.1875,0,0,0,0,0,0,0,0,0,0,0,0.25,0,0,0,0,0,0,0,0,0,0,0,0
site_168,0,0,0,0,0,0,0.3125,0,0,0,0,0,0,0,0.1875,0,0,0,0,0,0,0,0,0,0,0,0
site_169,0,0.1875,0,0,0,0,0,0,0,0.0625,0,0,0,0,0,0,0,0,0,0,0,0.1875,0,0,0,0,0
site_170,0,0,0.1875,0,0,0,0,0.1875,0.1875,0,0,0,0,0,0.25,0,0,0,0,0,0,0,0.1875,0,0,0,0
site_171,0.25,0.1875,0,0,0,0,0.125,0,0,0,0,0,0,0,0.1875,0,0,0,0,0,0,0.25,0,0,0,0,0
site_172,0.25,0.25,0,0,0,0,0,0,0,0,0,0,0,0,0,0,0,0,0,0,0,0,0.0625,0,0,0,0
site_173,0.1875,0,0,0,0,0,0,0,0,0,0,0,0,0,0,0,0,0,0,0,0,0,0,0,0,0.125,0
site_174,0.25,0,0.1875,0,0,0,0,0,0,0.0625,0,0,0,0,0.1875,0,0,0,0.125,0,0,0,0,0,0,0,0
site_175,0.1875,0.1875,0.125,0,0,0,0,0,0,0,0,0,0,0,0.125,0,0,0,0,0,0,0,0.125,0,0.25,0,0
site_176,0,0.1875,0.0625,0,0,0,0.1875,0,0,0,0,0,0,0,0.125,0,0,0,0,0,0,0,0,0,0,0.1875,0
site_177,0.4375,0.125,0,0,0,0,0,0,0,0.0625,0,0,0,0,0.25,0,0,0,0,0,0,0,0,0,0,0,0
site_178,0,0.25,0,0,0,0,0.1875,0.125,0,0,0,0,0,0,0.125,0,0,0,0,0,0,0,0.3125,0,0,0,0
site_179,0.1875,0.375,0.0625,0,0,0,0,0,0,0,0,0,0,0,0,0,0,0,0,0,0,0,0,0,0,0,0
site_180,0,0.25,0,0,0,0,0,0,0,0,0,0,0,0,0.1875,0,0,0,0,0,0,0,0.0625,0,0,0,0
site_181,0.1875,0.1875,0,0,0,0,0,0,0,0,0,0,0,0,0,0,0,0,0,0,0,0.125,0,0,0,0,0
site_182,0.1875,0.25,0,0,0,0,0,0,0,0,0,0,0,0.125,0.0625,0,0,0,0,0,0,0,0.125,0,0,0,0
site_183,0,0.1875,0,0,0,0,0,0,0,0,0,0,0,0,0,0,0,0,0,0.25,0,0,0.3125,0,0,0,0
site_184,0.1875,0.25,0,0,0,0,0,0,0,0,0,0,0,0,0,0,0,0,0,0,0,0,0,0,0,0,0
site_185,0,0.125,0.25,0,0,0,0,0,0,0,0,0,0,0,0,0,0,0,0,0.5,0,0,0,0,0,0,0
site_186,0.8125,0,0,0,0,0,0,0,0,0,0,0,0,0,0,0,0,0,0,0,0,0,0,0,0,0,0
site_187,0,0.125,0,0,0,0,0,0,0,0,0,0,0,0,0,0,0,0,0,0.25,0,0,0,0,0,0,0
site_188,0.4375,0.0625,0,0,0,0,0,0,0,0,0,0,0,0,0,0,0,0,0,0,0,0,0,0,0,0,0
site_189,0,0,0,0,0,0,0,0,0,0,0,0,0,0,0,0,0,0,0,0,0,0,0,0,0,0,0
site_190,0.3125,0.375,0.0625,0,0,0,0,0,0,0,0,0,0,0,0,0,0,0,0,0,0,0,0,0,0,0,0
site_191,0.375,0.25,0.25,0,0,0,0,0,0,0,0,0,0,0,0,0,0,0,0,0,0,0,0,0,0,0,0
site_192,0,0,0,0,0,0,0,0,0,0,0,0,0,0,0,0,0,0,0,0,0,0,0,0,0,0,0
site_193,0.3125,0.3125,0,0,0,0,0,0,0,0,0,0,0,0,0,0,0,0,0,0,0,0,0,0,0,0,0
site_194,0,0.1875,0.25,0,0,0,0,0,0,0,0,0,0,0,0,0,0,0,0,0,0,0,0,0,0,0,0
site_195,0,0.3125,0,0,0,0,0,0,0,0,0,0,0,0,0,0,0,0,0,0,0,0,0,0,0,0,0
site_196,0.3125,0.3125,0.125,0,0,0,0,0,0,0,0,0,0,0,0,0,0,0,0,0,0,0,0,0,0,0,0
site_197,0.375,0.25,0,0,0,0,0,0,0,0,0,0,0,0,0,0,0,0,0,0,0,0,0,0,0,0,0
site_198,0.1875,0.1875,0,0,0,0,0,0,0,0,0,0,0,0,0,0,0,0,0,0,0,0.1875,0,0,0,0,0
site_199,0.5,0.1875,0,0,0,0,0,0,0,0,0,0,0,0,0,0,0,0,0,0,0,0,0,0,0,0,0
site_200,0.25,0.375,0,0,0,0,0,0,0,0,0,0,0,0,0,0,0,0,0,0,0,0,0.1875,0,0,0,0
site_201,0.25,0.25,0,0,0,0,0,0,0,0,0,0,0,0,0,0,0,0,0,0,0,0,0,0.4375,0,0,0
site_202,0.3125,0.25,0.0625,0,0,0,0,0,0,0,0,0,0,0,0,0,0,0,0,0,0,0,0.25,0,0,0,0
site_203,0,0.3125,0,0,0,0,0,0,0,0,0,0,0,0,0,0,0,0,0,0,0,0,0.1875,0,0,0,0
site_204,0.375,0.5,0,0,0,0,0,0,0,0,0,0,0,0,0,0,0,0,0,0,0,0,0,0,0,0,0
site_205,0.5,0.25,0.0625,0,0,0,0,0,0,0,0,0,0,0,0,0,0,0,0,0,0,0,0.125,0,0,0,0
site_206,0.5,0,0.25,0,0,0,0,0,0.125,0,0,0,0,0,0,0,0,0,0,0,0,0,0,0.125,0,0,0
site_207,0.375,0.25,0,0,0,0,0,0,0,0,0,0,0,0,0,0,0,0,0,0,0,0,0,0,0,0,0
site_208,0.375,0.1875,0.125,0,0,0,0,0,0,0,0,0,0,0,0,0,0,0,0,0.125,0,0,0,0.125,0,0,0
site_209,0.3125,0.25,0,0,0,0,0,0,0,0,0,0,0,0,0,0,0,0,0,0,0,0,0,0,0,0,0
site_210,0.25,0.1875,0,0,0,0,0,0,0,0,0,0,0,0,0,0,0,0,0,0.3125,0,0,0,0,0,0,0
site_211,0.1875,0.0625,0,0,0,0,0,0,0,0,0,0,0,0.1875,0,0,0,0,0,0.1875,0,0,0,0,0,0,0
site_212,0.25,0.3125,0,0,0,0,0,0,0,0,0,0,0,0,0,0,0,0,0,0,0,0,0,0,0,0,0
site_213,0,0,0,0,0,0,0,0,0,0,0,0,0,0,0,0,0,0,0,0,0,0,0.0625,0,0,0,0
site_214,0.3125,0.25,0,0,0,0,0,0,0,0,0,0,0,0.0625,0,0,0,0,0,0.1875,0,0,0,0,0,0,0
site_215,0.1875,0,0,0,0,0,0,0,0,0,0,0,0,0,0,0,0,0,0,0,0,0,0.125,0,0,0,0
site_216,0.1875,0.3125,0,0,0,0,0,0,0,0,0,0,0,0,0,0,0,0,0,0,0,0,0,0,0,0,0
site_217,0.3125,0.1875,0,0,0,0,0,0,0,0,0,0,0,0,0.125,0,0,0,0,0,0,0,0,0,0,0,0
site_218,0,0.1875,0,0,0,0,0.25,0,0,0,0,0,0,0.0625,0.0625,0,0,0,0,0,0,0,0.125,0,0,0,0
site_219,0,0,0,0,0,0,0,0,0,0,0,0,0,0,0.6875,0,0,0,0,0,0,0,0,0,0,0,0
site_220,0.125,0.1875,0.25,0,0,0,0,0,0,0,0,0,0,0,0,0,0,0,0,0,0,0,0,0,0.1875,0,0
site_221,0,0,0,0,0,0,0.125,0,0,0.0625,0,0.0625,0.0625,0.1875,0,0.0625,0,0,0,0,0,0,0,0.0625,0,0,0
site_222,0,0,0,0,0,0,0,0,0,0,0,0,0,0,0.3125,0,0,0,0,0,0,0,0.125,0,0,0,0.3125
site_223,0,0.125,0.0625,0,0,0,0,0,0,0,0,0,0,0,0,0,0,0,0,0,0,0,0,0,0,0,0
site_224,0,0,0,0,0.125,0,0,0,0,0.125,0,0,0,0,0,0.0625,0,0,0.0625,0,0.125,0.0625,0,0,0.0625,0,0.125
site_225,0,0.25,0.1875,0,0.0625,0,0,0,0,0,0,0,0.125,0,0.0625,0.0625,0,0,0,0,0,0,0,0,0,0,0
site_226,0.1875,0,0,0,0,0,0,0,0,0,0,0,0,0,0,0.125,0.0625,0,0.125,0.0625,0,0,0,0,0.1875,0,0.0625
site_227,0.1875,0.1875,0,0,0.125,0,0.0625,0,0,0.0625,0,0,0,0,0.0625,0,0,0,0,0,0,0,0,0,0,0,0
site_228,0,0,0,0,0,0,0,0,0,0,0,0,0,0.1875,0.0625,0,0,0,0,0.0625,0,0,0.0625,0,0.125,0,0
site_229,0.3125,0.125,0,0,0,0,0,0,0,0,0,0,0,0,0,0,0,0,0,0.1875,0,0,0.375,0,0,0,0
site_230,0.3125,0,0,0,0,0,0,0,0,0,0,0,0,0,0,0,0,0,0,0,0,0,0,0,0,0,0
site_231,0.25,0.1875,0,0,0,0,0,0,0,0,0,0,0,0,0,0,0,0,0,0.125,0,0,0.1875,0.0625,0,0,0
site_232,0.3125,0.125,0.125,0,0,0,0,0,0,0,0,0,0,0,0,0,0,0,0,0,0,0,0,0,0,0,0
site_233,0,0.125,0.0625,0.125,0,0,0,0,0,0,0,0,0.3125,0,0,0,0,0,0,0,0,0,0,0,0,0,0
site_234,0,0.3125,0.125,0,0,0,0,0,0,0,0,0,0,0,0,0,0,0,0,0,0,0,0.125,0,0,0,0
site_235,0.125,0.125,0,0,0,0,0,0,0,0,0,0,0,0,0,0,0,0,0,0.0625,0,0,0.125,0.0625,0,0,0
site_236,0,0,0,0,0.125,0,0,0,0,0,0,0,0,0.1875,0,0,0,0,0,0,0,0,0,0,0,0,0
site_237,0,0,0,0.25,0,0,0,0,0,0,0.0625,0,0,0.1875,0,0,0,0,0,0,0,0,0,0,0,0,0
site_238,0.125,0.1875,0,0,0,0,0,0,0,0.0625,0,0,0.125,0,0,0,0,0,0,0,0,0.125,0,0.125,0.0625,0,0
site_239,0.25,0.125,0,0,0,0,0,0,0,0,0,0,0,0,0,0,0,0,0,0,0,0,0,0,0,0,0
site_240,0,0.0625,0.0625,0.25,0.0625,0,0,0,0,0,0,0,0.0625,0.0625,0.25,0,0,0,0,0.125,0,0,0.0625,0,0,0,0
site_241,0,0,0,0,0,0,0,0,0,0,0,0,0,0,0.0625,0.0625,0,0,0,0.0625,0,0,0,0.0625,0,0,0
site_242,0,0,0,0,0,0,0.0625,0,0,0,0.125,0.0625,0.1875,0.125,0.0625,0,0,0,0,0.0625,0,0,0,0,0,0,0
site_243,0.3125,0.1875,0.125,0,0,0,0,0,0,0,0,0,0,0,0,0,0,0,0,0,0,0,0,0,0,0,0
site_244,0.1875,0.5,0.125,0,0,0,0,0,0,0,0,0,0,0,0,0,0,0,0,0,0,0,0,0,0,0,0
site_245,0,0.3125,0.0625,0,0,0,0,0,0,0,0,0.125,0,0.1875,0,0,0,0,0,0,0,0,0,0,0,0,0
site_246,0,0.125,0,0,0,0,0,0,0,0,0,0,0,0.3125,0.0625,0,0,0,0,0,0,0,0,0,0,0,0
site_247,0,0.3125,0.125,0,0,0,0,0,0,0,0,0,0,0,0,0,0,0,0,0,0,0.125,0,0,0,0,0
site_248,0.375,0.375,0,0,0,0,0,0,0,0,0,0,0,0,0,0,0,0,0,0,0,0,0,0,0,0,0
site_249,0,0,0.0625,0.125,0,0,0,0,0,0,0,0,0.125,0,0,0.0625,0,0,0,0,0,0.0625,0.0625,0,0,0,0
site_250,0.1875,0.125,0,0,0,0,0,0,0,0,0.25,0,0,0.1875,0,0,0,0,0,0,0,0,0,0,0,0,0
site_251,0,0.0625,0.125,0,0,0,0,0,0,0,0,0,0,0,0.0625,0,0,0,0,0.125,0,0,0.25,0,0.125,0,0
site_252,0,0.1875,0,0,0,0,0,0,0,0,0,0,0,0,0,0,0,0,0,0,0,0,0.1875,0,0,0,0
site_253,0.25,0,0,0,0,0,0,0,0,0,0,0,0,0.25,0,0,0,0,0,0.125,0,0,0.3125,0,0,0,0
site_254,0,0.1875,0.1875,0,0,0,0.1875,0,0,0,0.0625,0,0,0,0.125,0,0,0,0,0.1875,0.0625,0,0,0,0,0,0
site_255,0,0,0,0,0,0,0,0,0,0,0,0,0,0.0625,0.0625,0.0625,0,0,0,0.0625,0,0,0.1875,0,0,0,0
site_256,0,0,0,0,0,0,0,0,0,0,0,0,0,0,0,0,0,0,0,0.125,0,0,0.0625,0,0.0625,0,0
site_257,0.1875,0,0.1875,0.0625,0,0,0.0625,0,0,0.0625,0,0,0.1875,0,0,0,0,0,0,0,0,0,0,0,0,0,0
site_258,0,0.0625,0.125,0,0,0,0,0,0,0,0,0,0,0.1875,0,0.125,0,0,0,0,0,0,0,0,0.125,0,0.0625
site_259,0,0.0625,0.0625,0,0.0625,0,0.1875,0,0,0,0,0,0,0,0.0625,0,0,0,0,0,0,0,0.125,0,0.0625,0,0
site_260,0.3125,0.25,0.125,0,0,0,0,0,0,0,0,0,0.0625,0,0,0,0,0,0,0,0,0,0,0,0,0,0
site_261,0,0.1875,0,0,0,0,0,0,0,0,0,0,0,0,0,0,0,0,0,0,0,0,0.3125,0,0,0,0
site_262,0.25,0,0,0,0,0,0,0,0,0,0,0,0,0,0,0,0,0,0,0,0,0,0,0,0.125,0,0
site_263,0.375,0,0,0,0,0,0,0,0,0,0,0,0,0,0.125,0,0,0,0,0,0,0,0,0,0,0,0
site_264,0,0,0,0,0,0,0,0,0,0,0,0,0,0.1875,0.0625,0,0,0,0.0625,0.125,0,0,0.1875,0.25,0,0,0
site_265,0.1875,0.1875,0.0625,0,0,0,0,0,0,0,0,0.0625,0,0,0,0,0,0,0,0.125,0,0,0.125,0,0.0625,0,0
site_266,0.125,0.0625,0.1875,0,0,0,0.25,0,0,0,0,0,0,0,0,0.0625,0,0,0,0,0,0,0,0,0,0,0
site_267,0,0,0,0,0,0,0,0,0,0,0,0,0,0,0,0,0,0,0,0.1875,0.0625,0.0625,0.125,0,0,0,0
site_268,0,0,0,0,0,0,0,0,0,0,0,0,0,0,0,0,0,0,0,0,0,0,0,0,0,0,0
site_269,0,0,0,0,0,0,0,0,0,0,0,0,0,0,0,0,0,0,0,0,0,0,0,0,0,0,0
site_270,0.375,0.25,0,0,0,0,0,0,0,0,0,0,0,0,0,0,0,0,0,0.125,0,0,0.25,0,0,0,0
site_271,0.1875,0,0,0,0,0,0,0,0,0,0,0,0,0,0,0,0,0,0,0,0,0,0,0.0625,0,0,0
site_272,0.3125,0.1875,0,0,0.0625,0,0,0,0,0,0,0,0,0,0,0,0,0,0,0.0625,0,0,0.125,0,0,0,0
site_273,0,0.125,0,0,0,0,0,0,0,0,0,0,0,0.0625,0,0,0,0,0,0.125,0,0,0.0625,0,0.0625,0,0
site_274,0,0,0,0.125,0,0,0.125,0,0,0.0625,0,0,0.0625,0,0,0,0,0,0,0,0,0,0.1875,0,0.0625,0,0
site_275,0,0.125,0,0.0625,0,0,0.0625,0,0,0,0.0625,0,0,0,0.1875,0.0625,0,0,0,0,0,0,0,0,0,0,0
site_276,0.1875,0.125,0.1875,0,0,0,0,0,0,0,0,0,0,0,0,0,0,0,0,0,0,0,0.125,0.0625,0.0625,0,0
site_277,0.625,0.0625,0,0,0,0,0,0,0,0,0,0,0.0625,0,0.125,0,0,0,0,0,0,0,0.125,0,0,0,0
site_278,0,0,0,0.125,0,0,0,0,0,0,0,0,0,0.125,0,0,0,0,0,0,0,0,0,0,0.125,0,0
site_279,0.3125,0.125,0,0,0,0,0,0,0,0,0,0,0,0,0,0,0,0,0,0.25,0.1875,0,0.0625,0,0.0625,0,0
site_280,0,0.0625,0,0,0,0,0.0625,0,0,0,0,0,0,0,0,0,0,0,0,0,0,0,0.0625,0,0.0625,0,0
site_281,0.3125,0.25,0.125,0,0,0,0.0625,0,0,0.0625,0,0,0,0,0,0,0,0,0,0,0,0,0,0,0,0,0
site_282,0.1875,0.1875,0,0.0625,0,0,0.0625,0,0,0.0625,0.0625,0,0,0,0.25,0,0,0,0,0,0,0,0,0,0,0,0
site_283,0,0,0,0,0,0,0,0,0,0,0,0,0,0.125,0,0,0,0,0,0,0.0625,0,0,0,0,0,0
site_284,0,0,0,0,0,0,0,0,0,0,0,0,0.0625,0.0625,0,0,0,0,0.0625,0,0.0625,0,0,0,0,0,0
site_285,0,0,0,0,0,0,0,0,0,0,0,0,0,0,0,0,0,0,0,0,0,0,0,0,0,0,0
site_286,0.1875,0.0625,0.25,0,0,0,0,0,0,0,0.0625,0,0,0.0625,0,0,0,0,0,0.1875,0,0,0,0.125,0,0,0
site_287,0,0,0,0,0,0,0.0625,0,0,0,0.0625,0,0,0,0.25,0,0,0,0,0,0,0,0.25,0,0,0,0
site_288,0.0625,0.125,0.0625,0.0625,0.0625,0,0.0625,0,0,0,0,0,0,0,0,0,0,0,0,0.0625,0,0,0,0,0.0625,0,0
site_289,0,0,0,0,0,0,0,0,0,0,0,0,0,0,0,0,0,0,0.0625,0.1875,0,0,0.25,0,0,0,0
site_290,0.375,0.1875,0.0625,0,0,0,0,0,0,0,0,0,0,0,0,0,0,0,0,0,0,0,0,0,0,0,0
site_291,0.1875,0.3125,0.0625,0,0,0,0,0,0,0,0,0,0,0,0,0,0,0,0.0625,0.0625,0,0,0.1875,0,0,0,0
site_292,0,0,0,0,0,0,0,0,0,0,0,0,0,0,0,0,0,0,0,0.5,0,0,0,0,0,0,0
site_293,0.5625,0.0625,0.3125,0,0,0,0,0,0,0,0,0,0,0,0,0,0,0,0,0,0,0,0,0,0,0,0
site_294,0.125,0.3125,0,0,0,0,0,0,0,0,0,0,0,0,0,0,0,0,0,0,0,0,0,0,0,0,0
site_295,0,0,0,0,0,0,0,0,0,0,0,0,0,0.125,0,0,0,0,0,0.125,0,0,0.25,0,0,0,0
site_296,0.1875,0.25,0.125,0,0,0,0.0625,0,0,0,0.0625,0,0.125,0.0625,0,0,0,0,0,0,0,0,0,0,0,0,0
site_297,0.625,0.25,0.0625,0,0,0,0,0,0,0,0,0,0.0625,0,0,0,0,0,0,0,0,0,0,0,0,0,0
site_298,0,0.3125,0.0625,0,0,0,0,0,0,0,0,0,0.1875,0.0625,0,0,0,0,0.0625,0.0625,0,0,0.125,0,0,0,0
site_299,0,0,0,0,0,0,0,0,0,0,0,0,0,0,0,0,0,0,0,0,0,0,0,0,0,0,0
site_300,0,0,0,0,0,0,0,0,0,0,0,0,0,0,0,0,0,0,0,0,0,0,0.1875,0,0,0,0
site_301,0.1875,0.25,0.0625,0,0,0,0,0,0,0,0,0,0,0,0.125,0,0,0,0,0.1875,0,0,0,0,0.1875,0,0
site_302,0,0,0,0,0,0,0,0,0,0,0,0,0,0,0,0,0,0,0,0,0,0,0,0.125,0.1875,0,0
site_303,0.375,0,0.25,0,0,0,0,0,0,0,0,0,0,0,0,0,0,0,0,0,0,0,0,0,0,0,0
site_304,0.0625,0,0.125,0,0,0,0,0,0,0,0,0,0,0,0.125,0,0,0,0.0625,0.0625,0,0,0,0,0.0625,0,0
site_305,0,0.25,0,0,0,0,0,0,0,0,0,0,0.1875,0,0.0625,0,0,0,0,0.1875,0,0,0.0625,0,0,0,0
site_306,0.625,0.1875,0,0,0,0,0,0,0,0,0,0,0,0,0,0,0,0,0,0,0,0,0,0,0,0,0
site_307,0,0,0,0,0,0,0,0,0,0,0,0,0,0,0,0,0,0,0,0.1875,0.125,0,0.1875,0,0,0,0
site_308,0.375,0.3125,0.125,0,0,0,0.0625,0,0,0.0625,0,0,0,0.0625,0,0,0,0,0,0,0,0,0,0,0,0,0
site_309,0.25,0.0625,0,0,0,0,0,0,0,0,0,0,0,0,0.0625,0,0,0,0,0.125,0,0,0.0625,0,0,0,0
site_310,0.125,0.1875,0.0625,0,0,0,0,0,0,0,0,0,0,0,0,0,0,0,0,0.0625,0.0625,0,0,0,0.25,0,0
site_311,0.1875,0,0,0,0,0,0,0,0,0,0,0,0,0,0.125,0,0,0,0,0.0625,0,0.1875,0,0,0,0,0
site_312,0.3125,0.125,0.1875,0,0,0,0,0,0,0,0,0,0,0,0,0,0,0,0,0.0625,0.0625,0,0.1875,0,0,0,0
site_313,0.375,0.0625,0.25,0,0,0,0,0,0,0,0,0,0,0,0.0625,0,0,0,0,0.0625,0,0,0,0.125,0,0,0
site_314,0.25,0.375,0,0,0,0,0,0,0,0,0,0,0,0,0,0,0,0,0,0,0,0,0,0.0625,0,0,0
site_315,0.375,0.0625,0.0625,0,0,0,0,0,0,0,0,0,0,0,0,0,0,0,0,0.125,0,0,0.25,0.125,0,0,0
site_316,0.125,0.1875,0,0,0,0,0,0,0,0,0,0,0,0,0,0,0,0,0,0.0625,0.125,0,0.0625,0,0,0,0
site_317,0.1875,0.125,0.0625,0,0,0,0,0,0,0,0,0,0,0.0625,0,0.0625,0,0,0,0,0.1875,0,0.125,0,0,0,0
site_318,0,0,0,0,0,0,0,0,0,0,0,0,0,0,0,0,0,0,0,0,0.0625,0,0.0625,0,0,0,0
site_319,0.375,0,0,0,0,0,0,0,0,0,0,0,0,0,0,0,0,0,0,0,0,0,0,0,0,0,0
site_320,0.0625,0,0,0,0,0,0,0,0,0,0,0,0.125,0,0,0.0625,0,0,0,0.1875,0.0625,0,0.0625,0,0,0,0
site_321,0,0.4375,0.1875,0,0,0,0,0,0,0,0,0,0.0625,0,0,0,0,0,0,0,0.0625,0,0,0,0,0,0
site_322,0.4375,0.5,0,0,0,0,0,0,0,0,0,0,0,0,0,0,0,0,0,0,0,0,0,0,0,0,0
site_323,0.125,0.1875,0,0,0,0,0,0,0,0,0,0,0.125,0,0,0,0,0,0,0,0,0,0,0,0,0,0
site_324,0,0,0,0,0,0,0,0,0,0,0,0,0,0.5625,0,0,0,0,0,0,0,0,0,0,0,0,0
site_325,0.375,0.25,0,0,0,0,0,0,0,0,0,0,0,0.125,0,0,0,0,0,0,0,0,0,0,0,0,0
site_326,0,0.25,0,0,0,0,0,0,0,0,0,0,0.3125,0.375,0,0,0,0,0,0,0,0,0,0,0,0,0
site_327,0.25,0,0,0,0,0,0,0,0,0,0,0,0,0.25,0,0,0,0,0,0,0,0,0,0,0,0,0
site_328,0.1875,0.1875,0,0,0,0,0,0,0,0,0.125,0,0,0,0,0,0,0,0,0,0,0,0,0,0,0,0.0625
site_329,0.1875,0.1875,0,0.125,0,0,0,0,0,0,0,0,0,0.1875,0,0,0,0,0,0,0,0,0,0,0,0,0
site_330,0,0.375,0,0,0,0,0,0,0,0,0,0,0,0.375,0,0,0,0,0,0,0,0,0,0,0,0,0
site_331,0.25,0,0,0,0,0,0,0,0,0,0,0,0,0.25,0,0,0,0,0,0,0,0,0,0,0,0,0
site_332,0,0,0,0,0,0,0,0,0,0,0,0,0,0.5625,0,0,0,0,0,0,0,0,0,0,0,0,0
site_333,0.4375,0.25,0,0,0,0,0,0,0,0,0,0,0,0,0,0,0,0,0,0,0,0,0,0,0,0,0
site_334,0,0.3125,0,0,0,0,0,0,0,0,0,0,0,0,0,0,0,0,0,0,0,0,0.25,0,0,0,0
site_335,0.6875,0.3125,0,0,0,0,0,0,0,0,0,0,0,0,0,0,0,0,0,0,0,0,0,0,0,0,0
site_336,0,0,0.4375,0,0,0,0,0,0,0,0,0,0,0.3125,0,0,0,0,0,0,0,0,0,0,0,0,0
site_337,0,0.25,0,0,0,0,0,0,0,0,0,0,0,0.4375,0,0,0,0,0,0,0,0,0,0,0,0,0
site_338,0.25,0.25,0,0,0,0,0,0,0,0,0,0,0,0,0,0,0,0,0,0,0,0,0,0,0,0,0
site_339,0,0.1875,0.1875,0,0,0,0,0,0,0,0,0,0,0.25,0,0,0,0,0,0,0,0,0,0,0,0,0
site_340,0.1875,0.3125,0.1875,0,0,0,0,0,0,0,0,0.125,0,0,0,0,0,0,0,0,0,0,0,0,0,0,0
site_341,0,0.3125,0,0.125,0,0,0.1875,0,0,0,0,0,0,0,0,0,0,0,0,0,0,0,0,0,0,0,0
site_342,0,0,0,0.25,0,0,0,0,0,0,0,0.25,0,0.3125,0,0,0,0,0,0,0,0,0.0625,0.0625,0,0,0
site_343,0.25,0.1875,0,0,0,0,0,0,0,0,0,0,0,0.25,0,0,0,0,0,0,0,0,0,0,0,0,0
site_344,0.25,0.1875,0,0,0,0,0,0,0,0,0,0,0,0.3125,0,0,0.1875,0,0,0,0,0,0,0,0,0,0
site_345,0,0.125,0,0,0,0,0,0,0.0625,0,0,0.3125,0,0.25,0,0,0.25,0,0,0,0,0,0,0,0,0,0
site_346,0.25,0.25,0.1875,0,0,0,0,0,0,0,0,0,0,0.25,0,0,0,0,0,0,0,0,0,0,0,0,0
site_347,0,0,0,0,0,0,0,0,0,0,0,0,0,0,0,0,0,0,0,0,0,0,0,0,0,0,0
site_348,0.25,0.1875,0,0,0,0,0,0,0,0,0,0,0,0.25,0,0,0,0,0,0,0,0,0,0,0,0,0
site_349,0.3125,0,0,0.1875,0,0,0,0,0,0.125,0,0,0,0,0,0,0,0,0,0,0,0,0,0,0,0,0
site_350,0.0625,0,0,0.0625,0,0,0,0,0,0,0,0,0,0,0,0,0,0,0,0,0,0,0,0.3125,0,0,0
site_351,0.5625,0.1875,0,0,0,0,0,0,0,0,0,0,0,0.1875,0,0,0,0,0,0,0,0,0,0,0,0,0
site_352,0,0,0,0,0,0,0,0,0,0,0,0,0,0.5625,0,0,0,0,0,0.1875,0,0.25,0,0,0,0,0
site_353,0,0.3125,0,0.1875,0,0,0,0,0,0,0,0,0,0,0,0,0,0,0,0,0,0,0,0,0,0,0
site_354,0,0.3125,0,0,0,0,0,0,0,0,0,0,0,0.3125,0,0,0,0,0,0,0,0,0,0,0,0,0
site_355,0,0.1875,0,0,0,0,0,0,0,0,0,0,0,0,0,0,0,0,0,0,0,0.8125,0,0,0,0,0
site_356,0.25,0.25,0,0,0,0,0,0,0,0,0,0,0,0,0,0,0,0,0,0,0,0,0,0,0,0,0
site_357,0.5,0.25,0,0,0,0,0,0,0,0,0,0,0,0,0,0,0,0,0,0,0,0,0,0,0,0,0
site_358,0.1875,0.25,0,0,0,0,0,0,0,0,0,0,0,0,0,0,0,0,0,0,0,0,0,0,0,0,0
site_359,0.375,0,0.1875,0,0,0,0,0,0,0,0,0,0,0,0,0,0,0,0,0,0,0,0,0,0,0,0
site_360,0,0,0,0,0,0,0,0,0,0,0,0,0,0,0,0,0,0,0,0,0,0.4375,0,0,0,0,0
site_361,0.25,0,0,0,0,0,0,0,0,0,0,0,0,0.3125,0,0,0,0,0,0,0,0,0,0,0,0,0
site_362,0.1875,0.25,0,0,0,0,0,0,0,0,0,0,0,0,0,0,0,0,0,0,0,0,0,0,0,0,0
site_363,0,0.25,0,0.1875,0,0,0.1875,0,0,0,0,0,0.1875,0,0,0,0,0,0,0,0,0,0,0,0,0,0
site_364,0.125,0.25,0.1875,0,0,0,0,0,0,0,0,0.25,0,0,0,0,0,0,0,0,0,0,0.0625,0.125,0,0,0
site_365,0,0,0.125,0.125,0,0,0.25,0,0,0,0,0,0,0,0,0,0,0,0,0,0,0,0,0,0,0,0
site_366,0.1875,0.0625,0,0.25,0,0,0,0,0,0,0,0,0,0.1875,0,0,0.0625,0,0,0,0,0,0.25,0,0,0,0
site_367,0.25,0.25,0.125,0.0625,0,0,0,0,0,0,0,0.125,0,0,0,0,0,0,0,0,0,0,0,0,0,0,0
site_368,0.125,0.125,0.1875,0,0,0,0,0,0,0,0,0.25,0,0,0,0,0,0,0,0,0,0,0.1875,0,0,0,0
site_369,0,0.25,0.125,0,0,0,0,0,0,0,0,0,0,0,0,0,0,0,0,0.1875,0,0,0,0.3125,0,0,0
site_370,0,0,0,0,0,0,0,0,0,0,0,0,0,0,0,0,0,0,0,0,0,0,0,0,0,0,0
site_371,0,0.5,0,0,0,0,0,0,0,0,0,0,0,0,0,0,0,0,0,0,0,0,0.1875,0,0,0,0
site_372,0,0,0,0,0,0,0,0,0,0,0,0,0.5625,0,0,0,0,0,0,0,0,0,0,0,0,0,0
site_373,0.3125,0,0.125,0,0,0,0,0,0,0,0,0,0,0,0,0,0,0,0,0,0,0,0,0,0,0,0
site_374,0,0,0,0,0,0,0,0,0,0,0,0,0,0,0,0,0,0,0,0,0,0,0,0,0,0,0
site_375,0,0,0.125,0,0,0,0,0,0,0,0,0,0,0.3125,0,0,0.3125,0,0,0,0,0,0,0,0,0,0
site_376,0,0.3125,0.125,0.1875,0,0,0,0,0,0,0,0,0,0.125,0,0,0,0,0,0,0,0,0,0,0,0,0
site_377,0,0.1875,0.125,0,0,0,0,0,0,0,0,0,0,0.1875,0,0,0,0,0,0,0,0,0.25,0,0,0,0
site_378,0,0,0,0,0,0,0,0,0,0,0,0,0,0,0,0,0,0,0,0,0,0,0,0,0,0,0
site_379,0.1875,0.3125,0,0,0,0,0,0,0,0,0,0,0,0,0,0,0.1875,0,0,0,0,0,0,0,0,0,0
site_380,0,0,0,0,0,0,0.375,0,0,0,0,0,0,0.25,0,0,0,0,0,0.0625,0,0,0.0625,0,0,0,0
site_381,0,0,0,0,0,0,0,0,0,0,0,0,0,0,0,0,0,0,0,0.4375,0,0,0.5,0,0,0,0
site_382,0,0.3125,0.3125,0,0,0,0,0,0,0,0,0,0,0,0,0,0,0,0,0,0,0,0,0,0,0,0
site_383,0,0,0,0,0,0,0,0,0,0,0,0,0.5625,0,0,0,0,0,0,0,0,0,0.1875,0,0,0,0
site_384,0,0,0,0,0,0,0,0,0,0,0,0.3125,0,0.375,0,0,0,0,0,0,0,0,0,0,0,0,0
site_385,0,0.25,0.1875,0,0,0,0,0,0,0,0,0,0,0,0,0,0,0,0,0,0,0,0,0,0,0.375,0
site_386,0.8125,0,0,0,0,0,0,0,0,0,0,0,0,0,0,0,0,0,0,0,0,0,0.1875,0,0,0,0
site_387,0,0,0,0.125,0,0,0,0,0,0,0,0.1875,0.375,0.25,0,0,0,0,0,0,0,0,0,0,0,0,0
site_388,0,0.25,0,0,0,0,0,0,0,0,0,0,0,0,0,0,0,0,0,0.1875,0,0,0.375,0,0,0,0
site_389,0.1875,0.3125,0.25,0,0,0,0,0,0,0,0,0,0,0,0,0,0,0,0,0,0,0,0,0,0,0,0
site_390,0,0.125,0,0,0,0,0,0,0,0,0,0,0,0.25,0,0,0,0,0,0,0,0,0.1875,0,0,0,0
site_391,0,0.1875,0.25,0,0,0,0,0,0,0,0,0,0,0,0,0,0,0,0,0,0,0,0,0,0,0,0
site_392,0,0.25,0,0.1875,0,0,0.25,0,0,0,0,0.3125,0,0,0,0,0,0,0,0,0,0,0,0,0,0,0
site_393,0,0.5,0.1875,0,0,0,0,0,0,0,0,0,0,0,0,0,0,0,0,0,0,0,0,0,0,0,0
site_394,0,0,0,0.3125,0,0,0.3125,0,0,0,0,0,0,0.375,0,0,0,0,0,0,0,0,0,0,0,0,0
site_395,0,0.1875,0,0.1875,0,0,0,0,0,0,0,0.1875,0,0,0,0,0,0,0,0,0,0,0,0,0,0,0
site_396,0,0,0.3125,0,0,0,0,0,0,0,0,0,0.1875,0,0,0,0,0,0,0,0,0,0.1875,0.25,0,0,0
site_397,0.3125,0.1875,0,0,0,0,0,0,0,0,0,0,0,0,0,0,0,0,0,0,0,0,0,0,0,0,0
site_398,0,0.25,0,0,0,0,0,0,0,0,0,0,0,0,0,0,0,0,0,0,0,0,0,0,0,0,0
site_399,0.25,0.1875,0,0.25,0,0,0,0,0,0,0,0,0,0,0,0,0,0,0,0,0,0.3125,0,0,0,0,0
site_400,0.1875,0,0,0,0,0,0,0,0,0,0,0,0,0,0,0,0,0,0,0.3125,0,0,0.25,0,0,0,0
site_401,0.4375,0.1875,0.1875,0,0,0,0,0,0,0,0,0,0,0,0,0,0,0,0,0,0,0,0,0,0,0,0
site_402,0,0,0,0,0,0.0625,0,0,0,0,0,0,0,0,0,0,0,0,0,0,0,0,0,0.25,0,0,0
site_403,0.375,0.25,0.1875,0,0,0,0,0,0,0,0,0,0,0,0,0,0,0,0,0,0,0.1875,0,0,0,0,0
site_404,0.375,0,0,0,0,0,0,0,0,0,0,0,0,0,0,0,0,0,0,0.3125,0,0,0.1875,0.125,0,0,0
site_405,0.4375,0.25,0.1875,0,0,0,0,0,0,0,0,0,0,0,0,0,0,0,0,0,0,0,0,0,0,0,0
site_406,0,0.375,0.25,0,0,0,0,0,0,0,0,0,0,0,0,0,0,0,0,0,0,0,0,0.125,0,0,0
site_407,0.125,0,0.375,0,0,0,0,0,0,0,0,0,0,0,0,0,0,0,0,0,0,0,0,0,0,0,0
site_408,0,0.25,0,0,0,0,0,0,0,0,0,0,0,0,0,0,0,0,0,0,0,0,0,0,0,0,0
site_409,0,0.25,0,0,0,0,0,0,0,0,0,0,0,0,0,0,0,0,0,0,0,0,0,0,0,0,0
site_410,0.375,0.0625,0.0625,0,0,0,0,0,0.1875,0,0,0,0,0,0,0,0,0,0,0,0,0,0,0,0,0,0
site_411,0,0.25,0,0,0,0,0,0,0,0,0,0,0,0,0,0,0,0,0,0,0,0,0,0,0,0,0
site_412,0,0.125,0.125,0,0,0,0,0,0,0,0,0,0,0,0,0,0,0,0,0,0,0,0,0,0,0,0
site_413,0,0,0,0.1875,0,0,0,0,0,0,0,0,0,0.25,0,0,0,0,0,0,0,0.25,0,0,0,0,0
site_414,0.3125,0.25,0,0,0,0,0,0,0,0,0,0,0,0,0,0,0,0,0,0,0,0,0.25,0,0,0,0
site_415,0,0.25,0.1875,0,0,0,0,0,0,0,0,0,0,0,0,0,0,0,0,0,0,0,0,0,0,0,0
site_416,0.25,0,0,0,0,0,0,0,0,0,0,0,0,0,0,0,0,0,0,0,0,0,0.25,0,0,0,0
site_417,0,0,0,0,0,0,0,0,0,0,0,0,0,0,0,0,0,0,0,0,0,0,0,0,0,0,0
site_418,0.125,0.25,0.3125,0,0,0,0,0,0,0,0,0,0,0,0,0,0,0,0,0,0,0,0,0.3125,0,0,0
site_419,0.1875,0.1875,0.1875,0,0,0,0,0,0,0,0,0,0,0.125,0,0,0.3125,0,0,0,0,0,0,0,0,0,0
site_420,0,0,0.125,0,0,0,0,0,0,0,0,0,0,0,0,0,0,0,0,0.25,0,0,0.1875,0,0,0,0
site_421,0.5,0.0625,0.125,0,0,0,0,0,0,0,0,0,0,0,0,0,0,0,0,0,0,0,0.3125,0,0,0,0
site_422,0.125,0.25,0.0625,0,0,0,0,0,0,0,0,0,0,0,0,0,0,0,0,0.3125,0,0,0.25,0,0,0,0
site_423,0.25,0,0.25,0,0,0,0,0,0,0,0,0,0,0,0,0,0,0,0,0,0,0,0,0,0,0,0
site_424,0.25,0,0.25,0,0,0,0,0,0,0,0,0,0,0,0,0,0,0,0,0,0,0,0,0.25,0,0,0
site_425,0,0.25,0,0,0,0,0,0,0,0,0,0,0,0,0,0,0,0,0,0,0,0,0.25,0,0,0,0
site_426,0,0,0,0,0,0,0,0,0,0,0,0,0,0,0,0,0,0,0,0.1875,0,0,0,0.3125,0,0,0
site_427,0,0,0,0,0,0,0,0,0,0,0,0,0,0,0,0,0,0,0,0.375,0,0,0.3125,0,0,0,0
site_428,0.25,0.25,0,0,0,0,0,0,0,0,0,0,0,0,0,0,0,0,0,0,0,0,0,0,0,0,0
site_429,0,0.25,0.3125,0,0,0,0,0,0,0,0,0,0,0,0,0,0,0,0,0,0,0,0,0,0,0,0
site_430,0,0.125,0.125,0,0,0,0,0,0,0,0,0,0,0,0,0,0,0,0,0.0625,0,0,0.1875,0,0,0,0
site_431,0.1875,0.25,0,0,0,0,0,0,0,0,0,0,0,0.1875,0,0,0,0,0.125,0,0,0,0,0,0.125,0,0
site_432,0,0,0,0,0,0,0,0,0,0,0,0,0,0.1875,0,0,0,0,0.375,0.125,0,0,0,0,0.1875,0,0
site_433,0.1875,0.1875,0,0,0,0,0,0,0.0625,0.1875,0,0,0,0.0625,0,0,0,0,0,0,0,0,0,0,0.125,0,0
site_434,0.1875,0.0625,0,0,0,0,0,0,0,0,0,0,0,0.1875,0,0,0,0,0.25,0,0,0,0,0,0,0.25,0
site_435,0,0.3125,0,0,0,0,0,0,0,0,0,0,0,0.25,0,0,0,0,0,0,0,0,0,0,0,0,0
site_436,0.25,0.0625,0,0,0,0,0,0,0,0,0,0,0,0,0,0,0,0,0,0,0,0,0,0,0,0,0
site_437,0,0,0,0,0,0,0,0,0,0,0,0,0,0.0625,0,0,0,0,0.375,0,0,0,0,0,0,0,0
site_438,0.125,0.25,0,0,0,0,0,0,0,0,0,0,0,0.125,0,0,0,0,0,0,0,0,0,0,0,0,0
site_439,0.1875,0.125,0,0,0,0,0,0,0,0,0,0,0,0.125,0,0,0,0,0.3125,0,0,0,0,0,0,0,0
site_440,0,0.5,0.125,0,0,0,0,0,0,0,0,0,0,0.0625,0,0,0,0,0,0,0,0,0,0,0,0,0
site_441,0,0,0,0,0,0,0,0,0,0,0,0,0,0,0,0,0,0,0,0,0,0,0,0,0,0,0
site_442,0.1875,0.125,0,0,0,0,0,0,0,0,0,0,0,0,0,0,0,0,0,0,0,0,0,0,0,0,0
site_443,0,0.25,0,0,0,0,0,0,0,0,0,0,0,0,0,0,0,0,0.1875,0,0,0,0,0,0,0,0
site_444,0.1875,0.1875,0,0,0,0,0,0,0,0,0,0,0,0,0,0,0,0,0,0,0,0,0.0625,0,0,0,0
site_445,0.25,0.1875,0,0,0,0,0,0,0,0,0,0,0.25,0,0,0,0,0,0.25,0,0,0,0,0,0,0,0
site_446,0.1875,0.4375,0,0,0,0,0,0,0,0,0,0.375,0,0,0,0,0,0,0,0,0,0,0,0,0,0,0
site_447,0,0,0,0,0,0,0,0,0,0,0,0,1,0,0,0,0,0,0,0,0,0,0,0,0,0,0
site_448,0,0,0,0,0,0,0,0,0,0,0,0,1,0,0,0,0,0,0,0,0,0,0,0,0,0,0
site_449,0.1875,0.1875,0,0,0,0,0,0.1875,0,0,0,0.125,0,0.3125,0,0,0,0,0,0,0,0,0,0,0,0,0
site_450,0.375,0.125,0,0,0,0,0,0,0,0,0,0,0,0.3125,0,0,0,0,0.1875,0,0,0,0,0,0,0,0
site_451,0.125,0.125,0,0,0,0.125,0,0,0,0,0,0.375,0,0.25,0,0,0,0,0,0,0,0,0,0,0,0,0
site_452,0.125,0,0,0,0,0,0,0,0,0,0,0.3125,0,0.125,0,0,0,0,0.25,0,0,0,0,0,0,0,0
site_453,0.3125,0.375,0,0,0,0,0,0,0,0,0,0,0,0.3125,0,0,0,0,0,0,0,0,0,0,0,0,0
site_454,0.1875,0,0,0,0,0.25,0.1875,0.3125,0,0,0,0,0,0,0,0,0,0,0.0625,0,0,0,0,0,0,0,0
site_455,0.0625,0,0,0,0,0,0,0,0,0,0,0,0,0,0,0,0,0,0,0,0,0.125,0.1875,0,0,0,0
site_456,0,0,0,0,0,0,0,0,0,0,0,0.3125,0,0.4375,0,0,0,0,0,0.0625,0,0,0.125,0,0.0625,0,0
site_457,0.3125,0.3125,0.125,0,0,0,0,0,0,0,0,0,0,0,0,0,0,0,0,0.25,0,0,0,0,0,0,0
site_458,0.1875,0.5,0,0,0,0,0,0,0,0,0,0,0,0.125,0,0,0,0,0,0,0,0,0,0,0,0,0
site_459,0.25,0.375,0,0,0,0,0,0,0.125,0,0,0,0,0.25,0,0,0,0,0,0,0,0,0,0,0,0,0
site_460,0.5625,0,0,0,0,0,0,0,0,0,0,0,0,0,0,0,0,0,0,0,0,0,0,0,0,0,0
site_461,0.25,0.1875,0,0,0,0,0,0,0,0,0,0,0,0,0,0,0,0,0,0,0,0,0,0,0,0,0
site_462,0.125,0.125,0.1875,0,0,0,0,0,0,0,0,0,0,0,0,0,0,0,0,0,0,0.5,0,0,0,0,0
site_463,0,0,0,0,0,0,0,0,0,0,0,0,0,0,0,0,0,0,0,0,0,0,0,0,0,0,0
site_464,0.375,0.25,0,0,0,0,0,0,0,0,0,0,0,0,0,0,0,0,0,0,0,0,0,0,0,0,0
site_465,0.1875,0.3125,0,0,0,0,0,0,0,0,0,0,0,0,0,0,0,0,0,0,0,0,0,0,0,0,0
site_466,0.375,0.4375,0,0,0,0,0,0,0,0,0,0,0,0.0625,0,0,0,0,0,0,0,0,0,0,0,0,0
site_467,0,0.1875,0,0,0,0,0,0,0,0,0,0,0.0625,0.1875,0,0,0,0,0,0,0,0,0,0,0,0,0
site_468,0.25,0.1875,0,0,0,0,0.125,0,0,0,0,0,0,0,0,0,0,0,0.0625,0,0,0,0,0,0.25,0,0
site_469,0.375,0.1875,0.1875,0,0,0,0,0,0,0,0.0625,0,0.125,0.0625,0,0,0,0,0,0,0,0,0,0,0,0,0
site_470,0.1875,0.125,0.25,0,0,0,0.1875,0,0,0,0,0,0.0625,0.0625,0,0,0,0,0,0,0,0,0,0,0,0,0
site_471,0.0625,0.0625,0.0625,0,0,0,0,0,0,0,0.125,0,0.4375,0,0,0,0,0,0,0,0.25,0,0,0,0,0,0
site_472,0.1875,0.3125,0.1875,0,0,0,0.0625,0,0,0,0,0,0.1875,0,0,0,0,0,0.0625,0,0,0,0,0,0,0,0
site_473,0.0625,0.4375,0.125,0,0,0,0,0.0625,0,0,0,0,0.125,0,0,0,0,0,0,0,0,0,0,0,0,0,0
site_474,0.0625,0.0625,0.0625,0,0.0625,0,0,0,0,0,0,0,0.1875,0,0,0,0,0,0,0,0.0625,0.125,0,0,0,0,0
site_475,0.3125,0,0.125,0,0.125,0,0,0,0,0,0,0,0.0625,0,0,0,0,0,0,0,0,0,0,0.0625,0.0625,0.0625,0
site_476,0.0625,0.1875,0,0,0,0,0,0,0,0,0,0,0,0,0,0,0,0,0.0625,0,0,0,0.0625,0,0.0625,0,0
site_477,0.1875,0,0.0625,0,0,0,0,0,0,0,0,0,0,0,0,0,0,0,0.125,0,0,0,0,0,0.0625,0,0
site_478,0.125,0,0.0625,0,0,0,0.1875,0,0,0,0,0,0,0,0.125,0,0,0,0.0625,0,0.0625,0,0.125,0,0,0,0
site_479,0.0625,0,0,0,0,0,0,0,0,0,0,0,0,0.1875,0,0,0,0,0.1875,0,0,0,0.125,0.25,0.0625,0,0
site_480,0.125,0.1875,0.0625,0,0,0,0.0625,0,0,0,0,0.0625,0,0,0,0,0,0,0.25,0,0.0625,0,0,0,0,0,0
site_481,0.1875,0.0625,0.1875,0,0,0,0.0625,0.0625,0,0,0,0,0,0,0,0.0625,0,0,0,0,0,0.125,0,0.125,0,0,0
site_482,0.125,0,0,0,0,0,0,0,0,0,0,0,0,0,0,0,0,0,0.125,0,0.0625,0.0625,0,0,0.25,0,0
site_483,0,0,0.125,0,0,0,0,0,0,0,0,0,0,0,0,0,0,0,0.0625,0,0,0,0.3125,0,0,0,0
site_484,0,0.25,0,0,0,0,0,0,0,0,0,0,0,0,0,0,0,0,0.1875,0,0.0625,0.0625,0.0625,0,0.1875,0,0
site_485,0.1875,0.1875,0,0,0,0,0.125,0,0,0,0,0,0,0,0,0,0,0,0,0,0,0,0.1875,0,0,0,0
site_486,0.25,0.25,0.0625,0.0625,0,0,0,0,0,0,0,0,0.1875,0,0,0,0,0,0,0,0,0,0.1875,0,0,0,0
site_487,0.0625,0.0625,0,0,0.0625,0,0.125,0,0,0,0.1875,0,0.125,0,0,0,0,0,0,0,0,0,0.125,0,0.0625,0,0
site_488,0.0625,0.125,0.0625,0.0625,0.125,0,0,0,0,0,0,0,0.125,0.1875,0,0,0,0,0,0,0.0625,0,0.0625,0,0,0,0
site_489,0.125,0.1875,0.125,0,0,0,0,0,0.125,0,0,0,0.0625,0,0,0,0,0,0,0,0.125,0,0.0625,0,0,0,0
site_490,0.1875,0.0625,0.1875,0.0625,0,0,0.0625,0,0,0,0.0625,0,0.0625,0,0,0.0625,0,0,0,0,0,0,0.0625,0,0,0,0
site_491,0.1875,0.3125,0.1875,0,0,0,0,0,0,0,0,0,0.0625,0,0,0,0,0,0,0,0.0625,0,0,0.0625,0,0,0
site_492,0.125,0.375,0,0,0,0,0,0,0.0625,0,0.0625,0,0.0625,0,0,0.125,0,0,0,0,0,0,0.0625,0,0,0,0
site_493,0.0625,0.125,0,0,0,0,0,0,0,0,0,0,0.125,0.125,0,0,0,0,0,0,0,0,0.0625,0,0.125,0,0
site_494,0.375,0.0625,0.0625,0,0,0,0,0,0,0,0,0,0,0,0,0,0,0,0,0,0.125,0,0.125,0,0.0625,0,0
site_495,0.125,0.0625,0.1875,0,0,0,0.25,0,0,0,0,0,0.0625,0,0,0,0,0,0.125,0,0.125,0,0,0,0,0,0
site_496,0,0.125,0.25,0,0,0,0,0,0,0,0,0,0,0,0,0,0,0,0.1875,0,0.125,0,0.125,0,0.0625,0,0
site_497,0.0625,0.3125,0.125,0.0625,0,0,0.25,0,0,0,0,0,0.0625,0,0,0,0,0,0.0625,0,0.0625,0,0,0,0,0,0
site_498,0.0625,0.1875,0.1875,0,0,0,0,0,0,0,0,0,0.0625,0.125,0,0,0,0,0,0,0,0,0.0625,0,0.0625,0,0
site_499,0.25,0.125,0.125,0,0,0,0,0,0,0,0,0,0.1875,0,0,0,0,0,0,0,0.0625,0.125,0,0,0,0,0
site_500,0.125,0.0625,0.0625,0,0,0,0,0,0,0.25,0,0,0.125,0,0,0,0,0,0,0,0,0,0.0625,0,0.0625,0,0
site_501,0.1875,0.1875,0.0625,0,0,0,0,0,0,0,0,0,0.0625,0,0,0,0,0,0,0,0.0625,0,0.0625,0.125,0,0,0
site_502,0.125,0.0625,0.125,0,0,0,0,0,0,0,0,0,0.0625,0,0,0,0,0,0,0,0,0,0.0625,0,0,0,0
site_503,0.1875,0.25,0,0,0,0,0,0,0,0,0,0,0,0,0,0,0,0,0,0,0,0.1875,0,0,0,0,0
site_504,0.3125,0.125,0,0,0,0,0,0,0,0,0,0,0,0,0,0,0,0,0,0,0,0,0,0,0,0,0
site_505,0.25,0.25,0,0,0,0,0,0,0,0,0,0,0,0,0,0,0.1875,0,0,0,0,0,0.3125,0,0,0,0
site_506,0.5,0.25,0.25,0,0,0,0,0,0,0,0,0,0,0,0,0,0,0,0,0,0,0,0,0,0,0,0
site_507,0.25,0.1875,0.125,0,0,0,0,0,0,0,0,0,0,0,0,0,0,0,0,0,0,0,0,0,0,0,0
site_508,0.0625,0.4375,0.4375,0,0,0,0,0,0,0,0,0,0,0,0,0,0,0,0,0,0,0,0,0.0625,0,0,0
site_509,0,0.5,0,0,0,0,0,0,0,0,0,0,0,0,0,0,0,0,0,0,0,0,0,0.5,0,0,0
site_510,0.25,0.1875,0.125,0,0,0,0,0,0,0,0,0,0,0,0,0,0,0,0,0,0,0,0,0,0,0,0
site_511,0.1875,0.5,0.1875,0,0,0,0,0,0,0,0,0,0,0,0,0,0,0,0,0,0,0,0,0.125,0,0,0
site_512,0.6875,0.3125,0,0,0,0,0,0,0,0,0,0,0,0,0,0,0,0,0,0,0,0,0,0,0,0,0
site_513,0.8125,0.1875,0,0,0,0,0,0,0,0,0,0,0,0,0,0,0,0,0,0,0,0,0,0,0,0,0
site_514,0,0.1875,0,0,0,0,0,0.4375,0,0,0,0,0,0.375,0,0,0,0,0,0,0,0,0,0,0,0,0
site_515,0.1875,0.375,0,0,0,0,0,0,0,0,0,0,0,0.125,0,0,0,0,0,0,0,0,0,0,0,0,0
site_516,0.25,0.25,0.1875,0,0,0,0,0,0,0,0,0,0,0,0,0,0,0,0,0,0,0,0.25,0,0,0,0
site_517,0.5,0.25,0.25,0,0,0,0,0,0,0,0,0,0,0,0,0,0,0,0,0,0,0,0,0,0,0,0
site_518,0.125,0.1875,0.25,0,0,0,0,0,0,0,0,0,0,0,0,0,0,0,0,0,0,0,0,0,0,0,0
site_519,0.1875,0.125,0.25,0,0,0,0,0,0,0,0,0.4375,0,0,0,0,0,0,0,0,0,0,0,0,0,0,0
site_520,0.3125,0.1875,0,0,0,0,0,0,0.4375,0,0,0,0,0,0,0,0,0,0,0,0,0,0,0,0,0,0
site_521,0.3125,0.25,0.3125,0,0,0,0,0,0,0,0,0,0,0,0,0,0,0,0,0,0,0,0,0.125,0,0,0
site_522,0.1875,0.3125,0.1875,0,0,0,0,0,0,0,0,0,0,0.3125,0,0,0,0,0,0,0,0,0,0,0,0,0
site_523,0,0,0,0,0,0,0,0,0,0,0,0,0,0,0,0,0,0,0,0,0,0,0,0,0,0,0
site_524,0.25,0.3125,0.4375,0,0,0,0,0,0,0,0,0,0,0,0,0,0,0,0,0,0,0,0,0,0,0,0
site_525,0.3125,0.3125,0,0,0,0,0,0,0,0,0,0,0,0,0,0,0,0,0,0,0,0,0.375,0,0,0,0
site_526,0.375,0.125,0.3125,0,0,0,0,0,0,0,0,0,0,0,0,0,0,0,0,0,0,0,0,0,0,0,0
site_527,0.4375,0.3125,0.25,0,0,0,0,0,0,0,0,0,0,0,0,0,0,0,0,0,0,0,0,0,0,0,0
site_528,0.3125,0.3125,0.0625,0,0,0,0,0,0,0,0,0,0,0,0,0,0,0,0,0,0,0,0.3125,0,0,0,0
site_529,0,0.5,0,0,0,0,0,0,0,0,0,0,0,0,0,0,0,0,0,0,0,0,0,0,0,0,0
site_530,0.375,0,0.125,0,0,0,0,0,0,0,0,0,0,0.375,0,0,0,0,0,0,0,0.125,0,0,0,0,0
site_531,0.125,0,0,0,0,0,0,0,0,0,0,0,0,0,0,0,0,0,0,0,0,0,0,0,0,0,0
site_532,0.25,0.3125,0,0,0,0,0,0,0,0,0,0,0,0,0,0,0,0,0,0,0,0,0.25,0,0,0,0
site_533,0.3125,0.25,0,0,0,0,0,0,0,0,0,0,0,0,0,0,0,0,0,0,0,0,0.4375,0,0,0,0
site_534,0.1875,0.1875,0.1875,0,0,0,0,0,0,0,0,0,0,0,0,0,0,0,0,0,0,0,0.4375,0,0,0,0
site_535,0,0,0,0,0,0,0,0,0,0,0,0,0,0,0,0,0,0,0,0,0,0,0,0.125,0,0,0
site_536,0.25,0,0,0,0,0,0,0,0,0,0,0,0,0,0,0,0,0,0,0,0,0,0.3125,0,0,0,0
site_537,0,0,0,0,0,0,0,0,0.0625,0,0,0,0,0,0,0,0,0,0,0,0,0,0,0.6875,0,0,0
site_538,0,0.125,0.0625,0,0,0,0,0,0,0,0,0,0,0,0,0,0,0,0,0,0,0,0,0,0,0,0
site_539,0,0.1875,0,0,0,0,0,0,0,0,0,0,0,0,0,0,0,0,0,0,0,0,0,0,0,0,0
site_540,0,0,0,0,0,0,0,0,0.125,0,0,0,0,0,0,0,0,0,0,0,0,0,0,0,0,0,0
site_541,0,0,0,0,0,0,0,0,0,0,0,0,0,0,0,0,0,0,0,0,0,0,0,0,0,0,0
site_542,0,0.1875,0.1875,0,0,0,0,0,0,0,0,0,0,0,0,0,0,0.0625,0,0,0,0,0,0,0,0,0
site_543,0,0.1875,0.125,0,0,0,0,0,0,0,0,0,0,0,0,0,0,0,0,0,0,0,0,0,0,0,0
site_544,0.1875,0.1875,0,0,0,0,0,0,0,0,0,0,0,0,0,0,0,0,0,0,0,0,0,0,0,0,0
site_545,0,0.25,0,0,0,0,0,0,0.1875,0,0,0,0,0,0,0,0,0,0,0,0,0,0,0,0,0,0
site_546,0.25,0,0,0,0.1875,0.0625,0,0,0,0,0,0.0625,0.1875,0.0625,0,0,0,0,0,0,0,0,0,0,0,0,0
site_547,0,0.25,0,0,0,0,0,0,0,0,0,0,0,0,0,0,0,0,0,0,0,0,0,0,0,0,0
site_548,0,0.5,0.125,0,0,0,0,0,0,0,0,0,0,0,0,0,0,0,0,0,0,0,0,0,0,0,0
site_549,0,0.1875,0.1875,0,0,0,0,0,0,0,0,0.25,0.375,0,0,0,0,0,0,0,0,0,0,0,0,0,0
site_550,0,0.375,0.1875,0,0,0,0,0,0,0,0,0,0,0,0,0,0,0,0,0,0,0,0,0,0,0,0
site_551,0,0.1875,0.125,0,0,0,0,0,0,0,0,0,0,0,0,0,0,0,0,0,0,0.125,0,0,0,0,0
site_552,0,0.3125,0.125,0,0,0,0,0,0,0,0,0,0.125,0,0.0625,0.0625,0.0625,0,0,0,0,0.125,0,0,0,0,0
site_553,0.125,0,0,0,0,0,0,0,0,0,0,0,0,0,0,0,0.0625,0,0,0,0.0625,0.5,0,0,0,0,0
site_554,0,0.25,0.125,0,0,0,0,0,0,0,0,0,0.0625,0,0,0,0,0,0,0,0,0.125,0,0,0,0,0
site_555,0.1875,0.5,0.125,0,0,0,0,0,0,0,0,0,0,0,0,0,0,0,0,0,0,0,0,0,0,0,0
site_556,0.1875,0.1875,0,0,0,0,0,0,0,0,0,0,0,0.5,0,0,0,0,0,0,0,0,0,0.125,0,0,0
site_557,0.25,0,0,0,0,0,0,0,0,0,0,0,0,0,0,0,0,0,0.25,0,0,0,0,0.125,0,0,0
site_558,0.1875,0.1875,0.125,0,0,0,0,0,0,0,0,0,0.25,0,0,0,0,0,0,0,0,0,0,0,0,0,0
site_559,0,0.125,0,0,0,0,0,0,0,0,0,0,0,0.5,0,0,0,0,0.25,0,0,0,0,0.125,0,0,0
site_560,0.3125,0,0,0,0,0,0,0,0,0,0,0,0.125,0,0,0,0,0,0.375,0,0,0,0,0,0,0,0
site_561,0,0.1875,0,0,0.125,0,0,0,0,0,0,0,0,0.4375,0,0,0,0,0.25,0,0,0,0,0,0,0,0
site_562,0,0.1875,0.125,0,0,0,0,0,0,0,0,0,0,0.125,0,0,0.0625,0,0.1875,0,0,0,0,0,0,0,0
site_563,0.25,0.4375,0,0.125,0,0,0,0,0,0,0,0,0,0,0,0,0,0,0.1875,0,0,0,0,0,0,0,0
site_564,0,0.125,0.125,0,0,0,0,0.1875,0,0,0,0.0625,0,0,0,0,0,0,0,0,0,0,0,0.0625,0,0,0
site_565,0,0.25,0,0,0,0,0,0,0.125,0,0,0,0,0,0,0,0,0,0,0,0,0,0,0,0,0,0
site_566,0,0.25,0,0,0,0,0,0,0.125,0,0,0,0,0,0,0,0,0,0,0,0,0,0,0,0,0,0
site_567,0.1875,0.375,0.125,0,0,0,0,0,0,0,0,0,0,0,0,0,0,0,0,0,0,0,0,0,0,0,0
site_568,0.1875,0.25,0.125,0,0,0,0,0,0,0,0,0,0,0,0,0,0,0,0,0,0,0,0,0,0,0,0
site_569,0.375,0.4375,0,0,0,0,0,0,0.125,0,0,0,0,0,0,0,0,0,0,0,0,0.0625,0,0,0,0,0
site_570,0,0.4375,0.125,0,0,0,0,0,0,0,0,0,0,0,0,0,0,0,0,0,0,0,0,0,0,0,0
site_571,0.1875,0,0.125,0,0,0,0,0,0,0,0,0,0,0,0,0,0,0,0,0,0,0.125,0.0625,0.0625,0,0,0
site_572,0.375,0.625,0,0,0,0,0,0,0,0,0,0,0,0,0,0,0,0,0,0,0,0,0,0,0,0,0
site_573,0.375,0.25,0,0,0,0,0,0,0.0625,0,0,0,0,0,0,0,0,0,0,0,0,0,0,0,0,0,0
site_574,0,0,0.4375,0,0,0,0,0,0,0,0,0,0,0,0,0,0,0,0,0,0,0,0,0,0,0,0
site_575,0,0.125,0,0,0,0,0,0,0,0,0,0,0,0,0,0,0,0,0,0,0,0,0,0,0,0,0
site_576,0.1875,0,0,0,0,0,0,0,0,0,0,0,0.5625,0,0.125,0,0,0,0,0,0,0,0,0,0,0,0
site_577,0.1875,0,0,0,0,0,0,0,0,0,0,0,0,0,0,0,0,0.625,0,0,0.0625,0,0,0,0,0,0
site_578,0,0,0,0,0,0,0,0.125,0,0,0,0,0.5,0,0.125,0,0,0,0,0,0,0,0,0,0,0,0
site_579,0,0.1875,0,0,0,0,0,0,0,0,0,0,0.1875,0,0,0,0,0,0.625,0,0,0,0,0,0,0,0
site_580,0,0.1875,0,0,0,0,0,0,0,0,0,0,0,0,0,0,0,0,0.5,0,0,0,0,0,0,0,0
site_581,0,0,0,0,0,0,0,0,0,0,0,0,0,0,0,0,0,0,0,0,0,0,0,0,0,0,0
site_582,0,0,0,0,0,0,0,0,0,0,0,0,0,0,0,0,0,0,0,0,0,0,0,0,0,0,0
site_583,0,0,0,0,0,0,0,0,0,0,0,0,0,0,0,0,0,0,0,0,0,0,0,0,0,0,0
site_584,0,0.4375,0,0,0,0,0,0,0,0,0,0,0.5625,0,0,0,0,0,0,0,0,0,0,0,0,0,0
site_585,0,0,0,0,0,0,0,0,0,0,0,0.375,0,0,0,0,0,0,0.4375,0,0,0,0,0,0,0,0
site_586,0,0,0,0,0,0,0,0,0,0,0,0,0.1875,0,0.125,0,0,0,0.4375,0,0,0,0,0,0,0,0
site_587,0,0,0,0,0,0,0,0,0,0,0,0,0,0,0,0,0.5,0.125,0,0,0,0,0,0,0,0,0
site_588,0,0,0,0,0,0,0,0,0,0,0,0,0,0,0,0,0,0,0.5,0.125,0,0,0.375,0,0,0,0
site_589,0,0.375,0,0,0,0,0,0,0,0,0,0,0.375,0,0,0,0,0,0.1875,0,0,0,0,0,0,0,0
site_590,0,0.1875,0,0,0,0,0,0,0,0,0,0,0,0,0,0,0,0,0.5,0,0,0.125,0,0,0,0,0
site_591,0,0.125,0.1875,0,0,0,0,0,0,0,0,0,0,0,0,0,0,0,0.25,0,0,0,0.25,0,0,0,0
site_592,0,0,0,0,0,0,0,0,0.125,0,0,0,0,0,0.1875,0,0.25,0,0.4375,0,0,0,0,0,0,0,0
site_593,0.1875,0,0,0.1875,0,0,0,0.125,0,0,0,0,0,0,0,0,0,0.5,0,0,0,0,0,0,0,0,0
site_594,0,0.125,0.125,0.125,0,0,0,0,0,0,0,0,0.1875,0,0,0,0,0,0.375,0,0,0,0,0,0,0,0
site_595,0.1875,0.1875,0.25,0,0,0,0,0,0,0,0,0,0,0,0,0,0,0.375,0,0,0,0,0,0,0,0,0
site_596,0,0,0,0.1875,0,0,0,0,0,0,0,0.375,0.1875,0,0,0,0,0,0,0,0,0,0,0,0,0,0
site_597,0,0.375,0,0,0,0,0,0,0,0,0,0,0,0.4375,0,0,0,0,0,0,0,0.1875,0,0,0,0,0
site_598,0,0.25,0,0,0,0,0,0,0,0,0,0,0,0,0,0,0,0,0.625,0,0,0,0,0,0,0,0
site_599,0.25,0.25,0.25,0,0,0,0,0,0,0,0,0,0.25,0,0,0,0,0,0,0,0,0,0,0,0,0,0
site_600,0,0.1875,0.375,0,0,0,0,0,0,0,0,0,0,0,0,0,0,0,0,0,0,0,0,0,0,0,0
site_601,0,0,0,0,0,0,0,0,0,0,0,0,0,0,0,0,0,0,0,0,0,0,0.4375,0,0,0,0
site_602,0,0,0,0.1875,0,0,0,0,0,0,0,0,0,0,0,0,0,0,0,0,0,0.25,0,0,0,0,0
site_603,0,0,0,0.1875,0,0,0,0,0,0,0,0.1875,0.1875,0,0,0,0,0,0,0,0,0,0,0,0,0,0
site_604,0,0,0,0.1875,0,0,0,0,0,0,0,0.0625,0.1875,0,0,0,0,0,0,0,0.0625,0.1875,0,0,0.125,0,0
site_605,0,0.1875,0.125,0.125,0,0,0,0,0,0,0,0.125,0,0,0,0,0.0625,0,0.0625,0,0.0625,0.0625,0,0.0625,0,0,0
site_606,0,0.0625,0.125,0,0,0,0,0,0,0,0,0,0,0,0,0,0,0,0,0,0,0,0,0,0,0,0
site_607,0,0,0,0,0,0,0,0,0,0,0,0,0,0,0,0,0,0,0.5,0,0,0,0,0,0,0,0
site_608,0,0,0,0,0,0,0,0.1875,0,0,0,0,0,0,0.1875,0,0,0,0.375,0,0,0,0,0,0,0,0
site_609,0.125,0.25,0,0.1875,0,0,0,0.25,0,0,0,0.125,0.0625,0,0,0,0,0,0,0,0,0,0,0,0,0,0
site_610,0.1875,0.1875,0,0,0,0,0,0,0,0,0,0,0,0,0,0,0,0,0,0,0,0.5,0,0,0,0,0
site_611,0.25,0.125,0,0,0,0,0,0,0,0,0,0,0,0,0,0,0,0,0,0,0,0.1875,0,0,0,0,0
site_612,0.5,0.1875,0,0,0,0,0,0,0,0,0,0,0,0,0,0,0,0,0.25,0,0,0,0,0,0,0,0
site_613,0.25,0.1875,0.0625,0,0,0,0,0,0,0,0,0,0,0,0,0,0,0,0,0,0,0,0,0,0,0,0
site_614,0,0,0,0,0,0,0,0,0,0,0,0,0,0,0,0,0,0,0,0,0,0,0,0,0,0,0
site_615,0.1875,0.25,0,0,0,0,0,0,0,0,0,0,0,0,0,0,0,0,0,0,0,0,0.125,0,0,0,0
site_616,0,0.125,0,0,0,0,0,0,0,0,0,0,0,0,0,0,0,0,0,0,0,0,0,0,0,0,0
site_617,0.1875,0,0.1875,0,0,0,0,0,0,0,0,0,0,0,0,0,0,0,0,0,0,0,0,0,0,0,0
site_618,0.1875,0.1875,0,0,0,0,0,0,0,0,0,0,0,0,0,0,0,0,0,0,0,0.0625,0,0,0,0,0
site_619,0.125,0.4375,0,0,0,0,0,0,0,0,0,0,0,0,0,0,0,0,0,0,0,0,0,0,0,0,0
site_620,0.625,0.125,0.125,0,0,0,0,0,0,0,0,0,0,0,0,0,0,0,0,0,0,0,0,0,0,0,0
site_621,0,0.5,0,0,0,0,0,0,0,0,0,0,0,0,0,0,0,0,0,0,0,0,0,0,0,0,0
site_622,0.0625,0.4375,0.0625,0,0,0,0,0,0,0,0,0,0,0,0,0,0,0,0,0,0,0.25,0,0,0,0,0
site_623,0.125,0.4375,0.25,0,0,0,0,0,0,0,0,0,0.125,0,0,0,0,0,0,0,0,0.0625,0,0,0,0,0
site_624,0.25,0.25,0.25,0,0,0,0,0,0,0,0,0,0,0,0,0,0,0,0,0,0,0,0,0,0,0,0
site_625,0.1875,0.25,0.125,0,0,0,0,0,0,0,0,0,0,0,0,0,0,0,0,0,0,0,0,0,0,0,0
site_626,0,0,0,0,0,0,0,0,0,0,0,0,0,0,0,0,0,0,0,0,0,0,0,0,0,0,0
site_627,0.3125,0.25,0.375,0,0,0,0,0,0,0,0,0,0,0,0,0,0,0,0,0,0,0,0,0,0,0,0
site_628,0,0.1875,0.375,0,0,0,0,0,0,0,0,0,0,0,0,0,0,0,0,0,0,0.125,0.1875,0,0,0,0
site_629,0,1,0,0,0,0,0,0,0,0,0,0,0,0,0,0,0,0,0,0,0,0,0,0,0,0,0
site_630,0.1875,0.1875,0,0,0,0,0,0,0,0,0,0,0,0,0,0,0,0,0,0,0,0,0.25,0,0,0,0
site_631,0.25,0.3125,0.4375,0,0,0,0,0,0,0,0,0,0,0,0,0,0,0,0,0,0,0,0,0,0,0,0
site_632,0,0,0,0,0,0,0,0,0,0,0,0,0,0,0,0,0,0,0,0,0,0,0,0,0,0,0
site_633,0,0.25,0.1875,0,0,0,0,0,0,0,0,0,0,0,0,0,0,0,0,0,0,0,0.4375,0.0625,0.0625,0,0
site_634,0,0,0,0,0,0,0,0,0,0,0,0,0,0,0,0,0,0,0,0,0,1,0,0,0,0,0
site_635,0.4375,0.3125,0.25,0,0,0,0,0,0,0,0,0,0,0,0,0,0,0,0,0,0,0,0,0,0,0,0
site_636,0,0,0,0,0,0,0,0,0,0,0,0,0,0,0,0,0,0,0,0,0,1,0,0,0,0,0
site_637,0.4375,0.3125,0.25,0,0,0,0,0,0,0,0,0,0,0,0,0,0,0,0,0,0,0,0,0,0,0,0
site_638,0,0,0,0,0,0,0,0,0,0,0,0,0,0,0,0,0,0,0,0,0,0,0.5,0.4375,0.0625,0,0
site_639,0,0.1875,0,0,0,0,0,0,0,0,0,0,0,0,0,0,0,0,0,0.3125,0,0,0,0,0,0,0
site_640,0,0,0,0,0,0,0,0,0,0,0,0,0,0,0,0,0,0.125,0,0.25,0,0,0,0.1875,0,0,0
site_641,0.1875,0.3125,0,0,0,0,0,0,0,0,0,0,0,0,0,0,0,0.125,0.25,0,0,0,0,0,0,0,0
site_642,0.0625,0.5,0.4375,0,0,0,0,0,0,0,0,0,0,0,0,0,0,0,0,0,0,0,0,0,0,0,0
site_643,0.1875,0.25,0.0625,0,0,0,0,0,0,0,0,0,0,0,0,0,0,0,0,0,0,0,0,0,0,0,0
site_644,0.3125,0,0,0,0,0,0,0,0,0,0,0,0,0,0,0,0,0,0,0,0,0,0.1875,0.375,0,0,0